,title,title_label,description,description_label
0, 모바일  메인 홍보 모델로    설현  선정,1,한편   설현 은 최근  코로나  바이러스를 다룬     시리즈   세계적 유행 에서 다큐멘터리 내레이션에 처음 도전해 호평을 받았으며   의 새 드라마  낮과 밤  출연을 검토중이다  게임과 이벤트에 대한  ,1
1,김병민  기본소득도 필요하면 논의 테이블에 올려야   인터뷰 ,0,변화의 핵심 중에서는 우리 사회가 신종  코로나 바이러스 감염증 코로나 의 위기를 마주하고 있다  언제 끝이날 지 또 앞으로 어떠한 미래가 펼치질 지 모른다  국가가 나서서 국민의 어려움을 해결해 줘야 한다  저희  ,1
2,국내  대 항만  월 물동량  인천항만 상승곡선 ,1,전국 컨테이너 처리량  만  국내 항만은  월 들어 신종  코로나 바이러스 감염증 코로나  사태가 본격화되자 물동량이 줄어들며 부진에 허덕이고 있다  그 와중에 인천항은 중국 항만 정상화에 따라  ,1
3,경기도의회 농정해양위  농민기본소득 도입 이재명 지사와 집행부에 강력 촉구,1,한편   코로나 로 인한 해외의 식재료 사재기에서 보듯이 국민들의 먹거리를 안정적으로 생산하는 것은  포스트  코로나 의 주요과제로 부각되고 있어 농민기본소득 도입을 통해 안정적인 생산기반을 확충하는 것은  ,1
4, 코로나 로 인해 변한 원광한의대 경혈학 실습 풍경,1, 코로나  사태가 지속되면서 한의대 강의 역시 대부분 비대면으로 이뤄지고 있다  그렇다면 대면 실습이 불가피한 강의실의 풍경은 예전과 어떻게 달라졌을까  현재  코로나 로 인해 대부분의 학과수업이 비대면으로  ,1
5,경산시 농산물 드라이브 스루 특별할인 판매행사 개최,0,이번 행사는  코로나  확대 장기화로 인해 지역소비 판로에 어려움을 겪고 있는 농가 돕기 등 소비촉진을 위해 마련됐다  행사에는 계란 구  연근  햇감자  새송이  방울토마토  깻잎  햇양파  오이고추 등  개 품목의  ,1
6,당신이 아는 미술  시장이 아는 미술   한국 현대 미술 시장을 이끄는 작가,1,최근 갤러리 현대 창업  주년 기념전에 이 작품이 전시되자  코로나 의 영향에도 마스크를 착용한 관람객의  미술계 트렌드 그리고 한국 미술 시장 글 정태희 서울옥션 스페셜리스트 세계 경기 침체와  코로나  여파로  ,1
7,제 회 부산국제영화제 공식 상영작 모집  공식 ,0,전 세계가  코로나 로 전례 없는 위기를 겪고 있으며  이로 인해 국내외 영화계도 예상 못한 타격을 받고 있다  부산국제영화제는 이러한 국내외 상황을 인지하고 예의주시하며 정부 방침과 권고를 준수할 것이다  ,1
8,  상반기 신입 및 경력직 공채 시행,0, 코로나  감안해  차 면접  비대면 역량검사  도입 국내 최대 치킨 프랜차이즈인 제너시스 비비큐 회장    채용관계자는  는 한국을 대표하는 책임감 있는 브랜드로서  코로나 로 침체된 채용 분위기  ,1
9,미소짓는 의료진,0, 일 오후 서울 중랑구 서울의료원에서 열린  서울의료원 잠시멈춤 콘서트 에서 신종  코로나 바이러스 감염증 코로나  환자 진료를 위해 수고해 온 의료진들이 가수 폴 킴의 공연을 보고 있다   뉴스 ,1
10, 포스트  코로나  대비 투자 잰걸음 나서는 게임사,0, 이승원 넷마블 대표  신종  코로나 바이러스 감염증 코로나  확산으로 언택트 비대면  문화가 차세대 미래 먹거리로 부상되며   포스트  코로나 를 준비하는 게임사가 늘고 있다  게임사의 산업 구조 개편도  코로나 를  ,1
11,휴넷  리더십 게임러닝 프로그램  아르고  출시,0,플립러닝은 온라인 학습 후 교실에서 토론 및 심화학습을 거쳐  거꾸로 교실 이라고도 불리며  포스트  코로나  시대 교육 방식으로 주목받고 있다  아르고 리더십 편은 다양한 상황에 따라 게임을 통해 리더십 유형을  ,1
12,광주 서구 양동  민 관 협력으로 주거환경 개선,0,특히 오래된 도배 장판 및 침대  장롱 등 가구 교체와 함께  코로나  예방을 위한 방역도 진행하는 등 쾌적한 주거환경 조성에 힘썼다  변미자 양동 동장은  어려운 이웃을 위해 봉사에 나서준 이들에게 감사하다 며  ,1
13,손흥민의 고백   주간의 군사훈련  힘들지만 즐겼다 ,1, 코로나  사태가 터진 가운데 병영생활을 한 손흥민의 경험은 영국에서 화제다  손흥민은  첫 날은 서로 잘 몰라서 서먹했지만 금방 친해졌다   명이서 한 방을 썼더니 정말 친해졌다  서로 돕고 호흡이 좋았다 고  ,1
14,   카타르  선 수주  문 대통령 경제외교 결실 ,1,청와대는  일  해외에서 낭보가 이어지고 있다 며  문재인 대통령이 포스트  코로나  시대 경제위기  이어  정상회담을 통해 양국 간 협력을 에너지 외에 의료    등으로 확장했고  최근 카타르에  코로나    관련  ,1
15,김포 혁신교육지구 사업  특수교육대상자를 위한 교육과정 지원,0,정하영 김포시장은  혁신교육지구 사업 내 특수교육 대상자를 위한 사업이 별도로 편성돼 소외되는 학생들이 줄었다 면서  코로나 로 인해 교육과정 운영이 쉽지 않을 것으로 판단되지만  학생들의 안전을 위한 방역과  ,1
16, 속보  군포시청  서울시  리치웨이   코로나  확진자 동선 공개  군포로 번길 ,0,군포시청  서울시  리치웨이   코로나  확진자 동선 공개  군포로 번길 거주 자료  군포시청  군포시청이 서울시  리치웨이   코로나  확진자의 동선을 공개했다   일 군포시청은 공식 블로그를 통해  서울시  ,1
17, 함양군 브리핑  명품 함양양파 특판  서울서 인기몰이 등,1,  명품 함양양파 특판전 모습   사진제공 함양군    함양군   일 롯데마트 서울역점 양파소비촉진 판촉행사   코로나 로 지친 농심 위로 함양군이  코로나  장기화에 따라 소비 위축 등 판매에 어려움을 겪고 있는  ,1
18, 이십세기  민아  룰라 때문에 다른 가수들 앨범 일정 미뤄 ,1,지난 주 방송된      이십세기 힛트송   회에서는  노래방 대리만족 방구석에서 즐기는 힛 트쏭  을 주제로   코로나 로 노래방 대신 집에서 흥을 폭발시켜줄 수 있는 과거 힛트송으로 시청자들의 무료함을 달랬다  ,1
19, 유플러스   분기 개인용   글라스  출시,0, 유플러스는  코로나 로 인한 언택트 시대에 맞춰  일 엔리얼과 올쇼 를 통해   글라스 온라인 애플리케이션 앱  개발 세미나를 개최한다    글라스를 활용  다양한   앱을 개발할 수 있는   생태계를 만들기  ,1
20,투교협   코로나  이후 중국 증시전망과 투자전략  온라인 특강,0,전국투자자교육협의회는 이달  일 오후  시부터 중국 증시 전문가와 함께 하는  코로나  이후  중국 증시전망과 성공적인 투자전략  온라인 특강을 실시한다고  일 밝혔다  중국시장 전문가인 김경환 하나금융투자  ,1
21,홈플러스   일까지  삼시육끼  기획전 진행,0,이창수 홈플러스 마케팅총괄이사는  고기는 굽고 치우는 과정이 번거로워 대표적인 외식 메뉴였지만  코로나  이후 대표적인 집밥 메뉴로 바뀌고 있다 며  삼시육끼 기획전을 비롯해 앞으로도 달라진  ,1
22,울릉군 신청사 건립 본격 착수   입지선정위원회  개최,0,김병수 울릉군수는  가용부지가 절대부족한 우리 울릉군 특성상 신청사 부지 선정은 우리 군 발전의 미래  년 대계를 결정할 매우 중요한 사안이다 며  코로나  등으로 다소 지연됐지만 울릉군 행정력과  ,1
23,   선  척 수주   방역 신뢰 결과물 ,0,청와대가  일 카타르  액화천연가스  운반선 수주를 지목해  코로나  사태 극복 과정에서 쌓인  방역에  특히 최근 카타르에  코로나  관련 진단장비 공급과  방역 경험 공유 등 양국 간 협력의 범위를 확대했다 고  ,1
24, 산업워치   월급  이제  로봇이 지급해요     자동급여이체 서비스 ,0,이밖에  유플러스는  코로나 로 인한 언택트 시대에 맞춰 엔리얼과 함께  글래스 온라인 앱 개발 세미나를 개최한다  오는  일 오전  시  분부터 한 시간 동안 올쇼 를 통해 실시간으로 참여할 수 있으며 해당  ,1
25,성빈센트병원  혈액난 극복 위한 교직원 헌혈 행사 개최,0,이날 행사는  코로나  장기화에 따라 헌혈이 감소해 혈액 수급에 어려움이 지속됨에 따라 혈액 재고량 안정화 및 수혈이 필요한 환우들에게 힘을 보태기 위해 갖게 됐다  행사는 대한적십자사 경기혈액원에서 헌혈차량을  ,1
26, 당신이 영웅입니다 세정그룹   덕분에 챌린지  동참,0, 당신이 영웅입니다 세정그룹   덕분에 챌린지  동참 세정그룹이 최근  코로나  치료를 위해 힘쓰는  박순호 세정 회장은  코로나 를 극복하기 위해 신속한 대처로 앞장서고 있는 정부 관계자와 밤낮없이 헌신하는  ,1
27, 코로나  의료진  공연보며 힘내세요 ,1, 일 오후 서울 중랑구 서울의료원에서 열린  서울의료원 잠시멈춤 콘서트 에서 신종  코로나 바이러스 감염증 코로나  환자 진료를 위해 수고해 온 의료진들이 가수 수안의 공연을 보고 있다   뉴스 ,1
28,경기도  시 군 부단체장 영상회의서  지역경제 활성화 방안  집중 논의,0, 일 도청 재난상황실에서 김희겸 행정 부지사 주재로 열린 영상 회의 사진제공 경기도 경기도가  코로나  이날 회의에서는 지난달  일 중앙 지방정책협의회 결과를 공유하고  코로나  시대 이후의 지역경제 활성화  ,1
29,    조직위  초고강도 방역으로 안전한 행사 다짐,1,행사를 주최하는 서울시치과의사회 이하 서울지부 는  코로나  관련 사회적 우려에 대한 심각성을    대회장인 김민겸 서울지부 회장은  지난  월 초  코로나 와 관련한 정부 지침이 생활방역으로 바뀌어  ,1
30,서울 아파트값  주만에 하락 보합 전환 큰 폭 조정 없다 ,0,함영진 직방 빅데이터랩장은  코로나 로 인한 시장의 충격이 거래량을 둔화시키고 있긴 하지만 가격이 큰 폭으로 조정되는 것을 기대하기는 제한적이라고 판단된다 고 밝혔다    함 랩장은  올해  만 가구에  ,1
31,울산의 힘 한국의 미래  울산경제자유구역 확정,1,포스트  코로나  시대 극보을 위한 울산형 뉴딜사업 첫 번째 성과로 울산의 미래를 열다  울산시는  포스트  코로나  시대 극보을 위한 울산형 뉴딜사업 첫 번째 성과로 울산의 미래를 여는 새로운 발판을 마련했다는  ,1
32,경기도  유흥업소도 최고  만원 지역화폐로 지원,1,경기도가 신종  코로나 바이러스감염증 코로나  사태의 장기화로 어려움을 겪는 취약노동자와 영세사업자에 대한 긴급 지원에 나섰다  택배기사 등 취약노동자에게는  인당  만원씩 소득손실 보상금을  집합금지  ,1
33,대한체육회   학생심판 양성교육  참여 학교 모집,1,확보하고   코로나  확산 예방을 위한 정부 방역 지침을 준수하여 운영하여야 한다  또한  학생심판  교육은 종목별 강사 선발 및 교육을 마친 후  월에서  월 중 종목별로 시행될 예정이며   코로나  확산 상황에 따라  ,1
34, 코로나 가 바꾼 언론시사회 풍경,1, 일 오후 서울 용산구  용산아이파크몰에서 열릴 예정인 영화  결백  언론시사회를 앞두고 취재진들이 체온측정 후 개인정보를 작성하고 있다   ,1
35, 코로나 가 바꾼 언론 시사회,1, 일 오후 서울 용산구  용산아이파크몰에서 열릴 예정인 영화  결백  언론시사회를 앞두고 취재진들이 생활 속 거리두기 지침을 준수하며 표를 받기 위해 줄 서 있다   ,1
36,전북도  농산시책평가 전국 위 시상금  천만원 전액 기부,1,송하진 도지사는  코로나  등 지역사회를 위해 공무원들이 앞장서서 착한 기부 릴레이를 하고 있다 며 특히  천년 전북의 미래 발전을 책임질 지역인재 양성을 위해 깊은 관심을 가지고 장학사업에 동참하는 것은  ,1
37,정읍시  시청 종합민원실 방문 시 마스크 의무 착용  강화 ,0,최근 이태원 클럽발과 부천 쿠팡물류센터 등  코로나  집단감염 사태가 발생한 만큼 다중 밀집 공간 감염을  의회관 출입문에 설치된 열화상카메라도 지속 운영해  코로나  유입 차단에 총력을 다한다는 방침이다  시  ,1
38,정읍시   코로나  극복 청년 긴급 지원사업 본격 추진,0,업코리아      정읍시청  업코리아  정읍시가  코로나 로 인한 경기침체의 장기화로 경제적 어려움을 겪고 있는 청년들의 생활 여건을 개선하기 위한 긴급 지원에 나선다  시는  코로나  여파로 고용시장이 위축되고  ,1
39,   년 대졸 신입사원 및 경력직 공채  실시,0, 코로나 로 고용시장 전반이 침체된 가운데   는 지난해에 이어 사회 고용 창출을 위한 상반기 공채를 진행한다는 방침이다  채용은  신입부문   전략기획  마케팅  운영   영업   경력부문   직영점장  ,1
40,다단계 판매업체  리치웨이  관련 최소  명 확진 참석자 대부분 노인 ,1,다단계식 건강용품 판매업체  리치웨이 와 관련된 신종  코로나 바이러스 감염증 코로나  확진자가 최소  명 확인됐다  이 업체는 관악구 조원동의 매장에서  판매원 교육 과  세미나  등 명목으로 여러  ,1
41,중기중앙회 신세계백화점  중소기업 소상공인 특별전,0, 코로나 로 어려움을 겪는 중소기업과 소상공인의 판로개척에 도움을 줄 것으로 중기중앙회는 기대했다  추문갑 중기중앙회 경제정책본부장은  백화점 입점이 어려운 중소기업 소상공인에게 이번 특별전은 새로운  ,1
42,김포시  국내 최초 버스 스마트 발열체크기 도입,1,정하영 시장은  장기화 되고 있는  코로나 로부터 우리 스스로를 지키기 위해서는 생활 속 방역이 일상화 돼야 한다 며  이번 발열체크기 도입으로 시민들께서 더욱 안심하고 대중교통을 이용하실 수 있을 것 같다 고  ,1
43, 전문  남양주시청  번째 확진자 발생 동선공개 화도읍 마석우리 서희스타 ,0,남양주시청이  코로나   번째 확진자 발생을 알렸다  남양주시  번째 확진자는  세 여성으로 화도읍 마석우리 서희스타힐스아파트에 거주한다  남양주시청은 감염경로로 서대문구  번째 확진자의  ,1
44,적십자봉사회 호평지회  서로버팀목 후원금  만원 기탁,0,통해  코로나 로 갑작스런 어려움에 처한 취약계층을 위한 후원금  만원을 동부희망케어센터에 지정  김복순 적십자봉사회 호평지회장은  얼마 안 되는 금액이지만 회원들의 정성을 모았다 며 코로나 로 많은  ,1
45,평택시 안중읍 행정복지센터   힘내세요 사장님 소상공인 응원 캠페인 참여,1,이날 안중읍장과 주민참예예산 지역협의회는  찾아가는 읍면동 주민참여예산학교  교육 참석 후  코로나 로 어려움을 겪고 있는 소상공인에게 작은 힘을 보태기 위해 행정복지센터 근처 상가 지역을 찾아 점심 식사를  ,1
46,홍천군  홍천사랑상품권을 통한 지역경제 살리기 캠페인 개최,0,증가하면  코로나  위기에 따른 지역경기 침체에 핵심 돌파구가 될 것으로 전망된다  때문에 홍천군은  한 시장상인은  코로나 가 확산되면서 시장에 손님들의 발길이 끊겨 한동안 많이 어려웠는데 장보기 행사를 통해  ,1
47,화천군 보건의료원 음압 구급차량 구입,1,업코리아      화천군 보건의료원 음압 구급차량 구입  업코리아  화천군 보건의료원이 신속한  코로나  대응을 위해 음압 구급차량을 구입했다  화천군은  코로나  확진자 발생 시 신속히 이송할 수 있는 음압  ,1
48,수출급감 속 경상수지  년만에 최대 적자,1, 코로나  여파로 수출이 급감하며  월 경상수지가  년  개월만에 최대 적자를 냈다  사진은 수출 컨테이너가 모여 있는 부산 신항  사진 연합뉴스 신종 코로나 바이러스 감염증 코로나  사태로 수출이  ,1
49,영동소방서 학산 안전센터 구급대원 칭찬글  감동 ,1,임환호 소방교는  코로나 로 국민 모두가 힘든 시기에 소방공무원으로서 당연한 일이었는데 이렇게 칭찬해주셔서 정말 감사하다 며  앞으로도 더욱 더 신속하고 친절한 서비스로 국민의 생명과 안전을 위해 최선을  ,1
50,계룡시  여름철  폭염대응  종합대책 추진,0,특히 이번 폭염대응은  코로나  감염 예방 및 확산 방지를 위해 많은 사람이 모이거나 접촉가능성이 높은  행동요령과  코로나  감염예방을 위한 냉방기기 사용법 등을 홍보해 주민 건강과 안전 제고에 집중할 예정이다 ,1
51,중기중앙회  신세계백화점서  중소기업 소상공인 특별전  개최,0,특별전은 신종  코로나 바이러스 감염증 코로나 로 어려움을 겪고 있는 중소기업과 소상공인의 판로개척을 위해 기획됐다  이 행사는 지난  월 신세계백화점 본점에서 처음 개최한 이후 의정부 대구 광주 부산 등  ,1
52,무주군  공공산림가꾸기  두 마리 토끼  잡아,0,사업추진에 앞서 지난  월 산림바이오매스 수집단  명을 선발 완료하고 참여자를 대상으로  코로나  관련  산림녹지과 이상일 산림조성 팀장은  코로나 로 침체되어 있는 상황에서 이번 사업을 통해 사회적  ,1
53,속초시  시민중심원탁회의 제 차 자문회의 개최,0, 시민중심원탁회의 는 당초  월중 개최할 예정이었으나  코로나  확산방지를 위해 부득이하게 연기된 이후   월부터 생활 속 거리두기로 방역지침이 전환됨에 따라 발열체크  손소독제 비치  마스크 착용 등 방역에  ,1
54,평택시 바르게살기 세교동 위원회  현충일 맞아 태극기달기운동 전개,0,강경화 위원장은  월 호국영령의 달을 맞아 순국선열들을 기리는 가장 첫걸음은 태극기 게양이라 생각 한다 며  코로나 로 인해 외출이 어려운 만큼  태극기 게양을 통해 순국선열에 대한 감사한 마음을 되새기는 날이  ,1
55,셀트리온   램시마  제형간 유효성 차이 없어 ,0, 는  일부터  일까지 독일 프랑크푸르트에서 열릴 예정이었으나  코로나 로 인해 온라인으로 진행됐다  이번 임상결과 자료는 학회 홈페이지를 통해 공개됐다   일 셀트리온에 따르면  에서 발표한 임상  ,1
56, 분에 끝내는 오늘의 축구 이슈   월  일 해축 브리핑,0,그날의 이슈를 정리해 한눈에 볼 수 있게 정리했다   코로나   토트넘  하세베  리버풀  베르너  외질 그래픽 황지영  사진 게티이미지코리아     포포투  무단 전재 및 재배포 금지,1
57,올해도 찾아온 폭염 대구 더위 방역 둘 다 잡을까,1,대구에 올해 첫 폭염특보가 내려진 가운데 대구시가 신종  코로나 바이러스감염증 코로나  방역과 연계한 폭염대책을 마련했다  거리두기를 유지하면서 폭염취약계층 지원을 확대하는 것에 초점을 맞췄는데 냉방이  ,1
58,건강용품업체  리치웨이  관련 확진자 최소  명 대부분 어르신들 ,1,다단계식 건강용품 판매업체  리치웨이  관련  코로나  확진자가  일 오전까지 최소  명 파악됐다  지난  일 리치웨이에 다녀온 안산  번 환자는 다음날인 지난  일부터 두통과 인후통 등  코로나  의심 증상이  ,1
59,수안  지친 의료진들을 위한 노래 ,1,가수 수안이  일 오후 서울 중랑구 서울의료원에서 열린  서울의료원 잠시멈춤 콘서트 에서 신종  코로나 바이러스 감염증 코로나  환자 진료를 위해 수고해 온 의료진들을 위해 공연을 펼치고 있다   뉴스 ,1
60,수안  지친 의료진들을 위한 노래 ,1,가수 수안이  일 오후 서울 중랑구 서울의료원에서 열린  서울의료원 잠시멈춤 콘서트 에서 신종  코로나 바이러스 감염증 코로나  환자 진료를 위해 수고해 온 의료진들을 위해 공연을 펼치고 있다   뉴스 ,1
61,제주   코로나  상황에 해수욕장 개장 운영대책  부심 ,1,여름철 해수욕장 개장을 앞두고 신종  코로나  바이러스 감염증 코로나  확산세가 꺾이지 않으면서  제주자치도가 해수욕장 운영대책 수립에 부심하고 있다  제주특별자치도는 오는  일 제주도청  청사 탐라홀에서  ,1
62, 뺄수록 잘나가네  당 나트륨 지방 최소화한  로우푸드  인기,0,정식품 관계자는  코로나  이후 건강을 챙기는 트렌드에 따라 저당  저염  저지방에 대한 소비자들의 관심이 더욱 높아지고 있다 며  앞으로도 맛은 물론 체계적인 영양설계로 누구나 안심하고 건강하게 즐길 수  ,1
63,경북교육청  고 학생  분기 학비 전액 반환   분기는 면제,1,경북교육청은  코로나 로 경제적 어려움을 겪고 있는 학부모의 교육비 부담을 덜어주기 위해 미리 납부한  임종식 교육감은  학비 반환을 통해  코로나  장기화로 어려움을 겪고 있는 학부모의 교육비 부담을  ,1
64,마이다스에셋   아시아 리더스 테크 성장주 목표전환형 펀드  기준가 달성,0,오남훈 주식운용 본부장은  테크 업종 내에서도  코로나 와 미중 무역분쟁으로 일부 수혜를 입는 기업들이 있었다 며  기본적으로   전기차  자동화 로봇 등의 주요 테마에 집중하여 목표 성과를 달성할 수  ,1
65,신한카드  구독경제 주목  딥원스카드  새 광고 시작,1,올  월에 출시된 딥원스카드는 구독 경제에 특화한 상품으로  코로나  등의 영향으로 사회적 거리 두기를 일상화한 언택트 시대에 더욱 주목 받고 있다  이번 광고에서 신한카드는 매달 비용을 내고 필요한 물건과  ,1
66,세종시 아동청소년과  농촌 일손돕기 앞장,0, 중부매일 홍종윤 기자  세종시 아동청소년과 직원들이  코로나  장기화로 농번기 일손 부족 현상을  김종락 아동청소년과장은  코로나 와 농번기가 겹치면서 일손부족으로 어려움을 겪고 있는 농가에 조금이나마  ,1
67, 캐피탈  한국 과  월 쉐보레 콤보 할부,1, 선수금  만원 기준  또 쉐보레는  월에 이어  월에도  코로나 로 인한 어려움 속에서도 수고하고 있는 이들을 격려하기 위해  우리들의 히어로 여러분을 쉐보레가 응원합니다              ,1
68,어제 하루 환자  명 추가 종교 소모임 등 산발적 감염,0,종교 소모임 관련 등 산발적 감염으로 어제 하루  코로나  신규 환자가  명 늘었습니다  중앙방역대책본부는 오늘  시 기준 국내 확진자는  명  사망자는 추가 없이  명이라고 밝혔습니다  교회 관련 등  ,1
69,인테리어 공사 불만족   안심 인테리어플랫폼  뚝딱 이 해결사로 나선다   ,0, 코로나  이후 집에 있는 시간이 늘어나면서 집을 휴식공간  홈엔터테인먼트 공간  나만의 공간으로 꾸미려는 인테리어 수요가 증가하고  인테리어 시공 결과에 대해 불만을 표시하는 소비자도 덩달아 증가하고 있다  ,1
70, 의료진 힘내세요 ,1, 일 오후 서울 중랑구 서울의료원에서 열린  서울의료원 잠시멈춤 콘서트 에서 신종  코로나 바이러스 감염증 코로나  환자 진료를 위해 수고해 온 의료진들이 가수 수안의 공연을 보고 있다   뉴스 ,1
71, 무궁화  동두천시자원봉사센터 이동세탁차량 세제지원 협약,0,이날 행사에 참여한 최용덕 시장은  무궁화는 지난  일  코로나  극복을 위한 나눔키트 세제  비누  전달에 이어  이동세탁차량 운영사업에도 세제 및 섬유유연제를 지원해주셔서 다시 한 번 감사드린다 며  관내에  ,1
72, 월 일 환경의 날  저축은행업계  친환경 경영 녹색금융 정책 확산,1, 코로나 로 언택트 소비에 따른 일회용품 소비가 늘어나면서 폐기물 등 환경과 직결된 난제들이 포스트  코로나  시대의 과제로 자리 잡게 됐다  정부 또한 포스트  코로나 를 대비하기 위해  그린뉴딜 을 국가 주요 정책으로  ,1
73,  경남 김해에 제 데이터센터   건립,0, 은 자체 보유한 통합 클라우드 서비스  의 사업 확대와 더불어  포스트  코로나  시대로 본격화된 디지털 전환으로 클라우드 수요 급증이 예상됨에 따라  의 데이터 수용 능력을 넘어선 새로운  데이터  ,1
74,농어촌   억 상생펀드 조성해 중소기업과 동반성장,0,광주전남 지역 소재 중소기업과 일자리창출기업은 최대  억 원  창업기업과  코로나  피해 중소기업은 최대  이번 상생펀드를 통한 대출금리 우대는 실질적인 이자 부담 완화로  코로나 로 경영의 어려움을 겪고 있는  ,1
75, 학원도  코드 도입 학원법 개정도 추진,0,최근 학원을 통한  코로나  감염 사례가 이어지자 교육부는 방역수칙을 위반하는 학원을 처벌하기 위해  올  월 이후 전국  개 학원에서 학생과 강사 등  명이  코로나 에 감염됐습니다   유은혜   부총리 겸 교육부  ,1
76,삼성고  방역활동 인력 채용  접수  일까지,0,채용부문은  코로나  학교 방역활동 인력이다  채용 후  코로나  대응 학생 보호 방역활동 및 생활지도 지원 인력 운용등을 담당하게 된다  보수는 시급  만  원이다  채용기간은  일부터  월 일까지다  모집인원은  ,1
77,한국판 뉴딜에  조 투자   디지털 그린 산업 신진대사 촉진 ,0, 코로나  경제 위기 극복의 해법치고는 비중이 크지 않은데  정부는  년까지  배에 달하는  조 원을  산업의 신진대사를 촉진하는 것이  코로나  위기를 기회로 살리는 방향이라고 보고 있습니다    신호입니다 ,1
78,체리쉬  창립  주년 기념 특가 이벤트 이달까지 연장 회원 대상 침실 주방 ,0,체리쉬는  코로나 로 인한 어려움이 이어지는 가운데   대한민국 동행세일 에 동참하는 취지로 지난  월 말부터 진행했던 창립  주년 특가 이벤트를 오는  일까지 연장한다고 밝혔다  체리쉬는 이번 특가 이벤트를 통해  ,1
79, 디지털 적응은 생존 문제 단절 극복할 포용이 핵심 ,0, 코로나  확산으로 온라인 수업과 같은 비대면 활동이 늘면서 디지털 환경 적응이 현대 생활의 필수 요소가  포스트  코로나  시대에 대비한 디지털 환경 토론회에 이혜리 기자가 다녀왔습니다   기자  사상 초유의 온라인  ,1
80, 석남역 메트로시티  홍보관 오픈  인천 서북권 교통망 품은 대단지 아파트,0,한편  석남역 메트로시티 홍보관은 인천광역시 서구 가좌동에 위치해 있으며  코로나  예방과 방문객 편의  방문자 간 접촉 최소화를 위해 사전 방문 예약제를 실시하고 있다 ,1
81,종로학원   일 드라이브스루 입시설명회 개최,0,그러나 최근 수도권을 중심으로  코로나  바이러스 감염이 재확산되면서 자동차에서 설명회를 듣는 드라이브 스루 방식으로 진행한다  참석자는 차 안에서 발열 검사를 받고 자료집을 받은 뒤 자동차에 탄 채로 라디오를  ,1
82,셀트리온   램시마  램시마와 약효 차이 없다 ,0, 는 지난  일부터  일까지 독일 프랑크푸르트에서 열릴 예정이었으나  신종  코로나 바이러스 감염증 코로나  사태로 인해 온라인으로 진행됐다  발표한 임상연구자료는 학회 홈페이지에 공개된다  셀트리온  ,1
83,의료진의 미소,1, 일 오후 서울 중랑구 서울의료원에서 열린  서울의료원 잠시멈춤 콘서트 에서 신종  코로나 바이러스 감염증 코로나  환자 진료를 위해 수고해 온 의료진들이 가수 폴 킴의 공연을 보고 있다   뉴스 ,1
84, 여시아문  손,0, 코로나  확산을 막기 위해 무료 급식소가 모두 문을 닫았다  그가 허기를 해결하던 곳을 잃어버린 것이다  노숙인들에게는  코로나 보다 더 무서운 것이 굶주림일 지도 모른다  바이러스가 우리들 서로의 손을 멀어지게 할  ,1
85,문 대통령 지지율  대 이탈 영향,1,이어  수도권을 중심으로 신종  코로나 바이러스 감염증 코로나 의 산발적인 집단 감염  윤미향 더불어민주당 의원 이슈 등이 중도층 이탈로 이어진 결과로 보인다 고 전했다  특히 이념성향별 중도층에서  ,1
86, 코로나  방역지침 딥러닝  수어 통역 기술로 제작,0,아직 기술이 완성되지는 않았는데  우선 이 기술을 활용해  코로나  생활방역 지침을 수어 애니메이션으로 제작해 공개했습니다  이정우 기자입니다   기자   코로나  이후 감염자 정보와 동선  감염병 예방을 위한 정부  ,1
87,강서구청  코로나  확진자  가양 동 화곡 동 거주 에바다교회 관악 리치웨이 ,1,한국정경신문 최태원 기 자   한국정경신문  서울 강서구청이 관내  코로나  확진자 발생 소식을  일 전했다 강서구청에 따르면 가양 동 거주  대 남성과 화곡 동에 거주  대 남성이 각각  코로나  확진 판정을 받았다  ,1
88,전남농협  영농철 농촌 일손돕기에 총력지원,0,이번 일손 돕기는  코로나  장기화로 인해 본격적인 영농철에 농촌 인력수급의 어려움으로 일손부족 심화  김석기 본부장은 코로나  사태 장기화로 인한 농촌인력 문제와 경기위축으로 인한 농산물 소비부진 등  ,1
89,여수시   코로나  극복 문화예술단체에  만원 지원,0,여수시가  코로나 의 장기화로 각종 문화행사가 취소 연기되어 경제적으로 어려움을 겪고 있는 지역의  권오봉 여수시장은  코로나 로 어려움을 겪고 있는 여수 지역의 문화예술단체에 재정적 지원을 통해  ,1
90,이상직 의원  전북판 뉴딜 완성에 매진 ,0,그는  이 법이 통과하면 가구당  만 만원의 소득이 증가하고 자영업자  만명이 이득을 본다 며  신종  코로나 바이러스 감염증 코로나  여파로 민생현장의 기반이 무너졌는데 생존을 위한 현실적인 법안 이라고  ,1
91,여수 둔덕동 지역사회보장협의체  독거노인  세대 찾아 생신 축하,1,강행숙 둔덕동장은  홀로계신 어르신들이 외롭지 않은 삶을 지낼 수 있도록 지속적인 관심과 다양한 사업을 운영하겠다 며  지역사회보장협의체와 협력해  코로나 로 힘든 시간을 보낸 지역 주민들을 위해  ,1
92, 농협손보 임직원  영농철 일손돕기에 구슬땀,0,임종철  농협손해보험 부사장은  코로나 로 인한 화훼농가의 어려움이 장기화 되고 있어 안타깝다 며  농협손해보험은 지속적인 농촌 지원활동을 통해 농가의 경영안정에 기여할 수 있도록 최선을 다하겠다 고  ,1
93,전남농협  영농철 농촌 일손돕기에 총력지원,0,이번 일손 돕기는  코로나  장기화로 인해 본격적인 영농철에 농촌 인력수급의 어려움으로 일손부족 심화  김석기 본부장은 코로나  사태 장기화로 인한 농촌인력 문제와 경기위축으로 인한 농산물 소비부진 등  ,1
94,김용범 기재  차관  월 경상수지 적자  일시적 요인 월 흑자 ,0,이어  또 다른 일시적 요인은 신종  코로나 바이러스 감염증 코로나 으로 인한 세계 경제 부진과 이에 따른 수출 부진 영향 이라며  통상 상품수지가 흑자를 기록하며 소득수지 적자 폭을 메꿨지만 올  월은 무역수지  ,1
95,경주시  유원시설 야영장 사회적 거리두기 점검,1,경주시는  코로나   사회적 거리두기 에서  생활 속 거리두기 로 전환된 이후 관내 야영장 및  안내함으로써  코로나  예방 및 조기 종식에 최선을 다하고 있다    경주 유원시설 및 야영장 사회적거리두기 점검 모습  ,1
96,영양군  외국인 계절근로사업 추진 위한 농가설명회 개최,0,  영양군청 전경  영양군 이날 설명회에서는 올해 상반기  코로나 의 전 세계적 확산으로 인해 중지되었던 외국인 계절근로사업의 추진일정 및 도입 인원  그리고  코로나  상황에 대한 대응방안 등을 설명했다  ,1
97,봉화군  찾아가는 배달강좌제 재개,0,봉화군 군수 엄태항 은  코로나 로 중단되었던  년 찾아가는 배달강좌제를 지난  월  일부터 재개하여 그  가졌으나   코로나  사태로 중단되었다가 다시 개강하여 학습자들의 열기가 더 뜨겁다  찾아가는  ,1
98,경주시  경희학교 기숙사 고등학교  코로나  진단검사,0,대상으로  코로나  진단검사를 실시했다고  일 밝혔다    경주시  경희학교 및 기숙사 고등학교  코로나  진단검사 모습   경주시 제공 경주시보건소와 경주교육지원청은 지난달  일부터  일까지 관내  개교  학생  ,1
99,고삐 풀린 광교 집값  무섭네 강남 집값  턱밑  추격,0, 억이 넘는 초고가 아파트값이 정부의 부동산 규제와  코로나 에 따른 거래 침체 분위기를 뚫고 무섭게 오르고 있다  최근  억원을 넘어  억원에 실거래되는 단지들이 속속 나오면서 강남 일대 아파트 단지의  ,1
100,해수부   해양수산 중소 벤처기업  컨설팅 지원,0,올해는  코로나  영향으로 주목받고 있는 디지털 비대면 분야 기업을 육성하기 위해 관련 사업 제안기업에게는 가점을 부여할 예정이다  또한  기업 부담을 덜어주기 위해 정부지원금의   수준인 기업부담금도 전액  ,1
101, 김대호의 경제읽기  뉴욕증시 연일 강세 코스피  선 근접,0, 코로나 로 인한 경기 침체가 끝나가는 걸까요  밤사이 뉴욕 증시가 급등하고 코스피 또한  선에 근접하는   질문    코로나 로 팔지 못했던 재고 면세품이 시중에 판매되며 큰 관심을 끌었습니다  한때 판매하는  ,1
102,경북교육청   분기 학비 학부모들에 반환,1,경북교육청 교육감 임종식 은 지난  월  일까지  코로나 로 경제적 어려움을 겪고 있는 학부모의 교육비  임종식 교육감은 학비 반환을 통해  코로나  장기화로 어려움을 겪고 있는 학부모의 교육비 부담을  ,1
103, 우리 개는 안 물어요  안전불감증 인명사고로 이어져,1,박경규 경감  녹음이 짙어가는 유월   코로나 가 완하되자 개 목줄을 채우지 않은 반려견과 함께 산책하는 보호자가 늘어나 개 물림 사고에 각별한 주의가 요구된다  실제로 개 물림 사고는  년에 평균  천 건 하루  건 이상  ,1
104,중기부  경남 김해에  데이터센터  구축한다,0, 은 포스트  코로나  시대에 대비하기 위해 클라우드 수요가 급증하면서 새로운 데이터 허브를 설립하기로 했다고 설명했다  한편 중기부는 올해 하반기부터 본격적으로 추진할   제조 플랫폼 사업 을 통해  ,1
105,전주비전대학교  혁신지원사업 유형  평가 최우수  등급  획득,0,및  코로나   로 인해 침체된 지역사회 발전에 기여할 수 있도록 더욱 노력할 것 이라고 말했다  포스트  코로나 를 대비한 비대면  온라인 수업을 위한 인프라 구축 및 콘텐츠 개발  취업률 향상을 위한 프로그램  ,1
106, 민주당은 하늘이 두 쪽 나도 내일 본회의를 반드시 열겠다 ,1,국회 문을 열고 난 후에는  코로나 바이러스감염증 이하  코로나  사태 극복 차원의 정부  차 추가경정예산안 등을 처리할 계획이다  일정이 빼곡하게 적힌 계획표를 들고 있는 민주당으로서는 미래통합당을 어르고  ,1
107,문체부   글로벌 광고인재 육성 사업  진행,0,문체부 정책 담당자는  이번 사업을 통해 우수한 광고 인재를 양성함으로써  코로나  여파로 어려움을 겪고 있는 광고 산업에 활력을 불어넣을 수 있을 것으로 기대한다 라며   광고 산업이  코로나  이후의 새로운 시대  ,1
108,롯데관광개발  제주 드림타워 신규 채용 박차   그랜드하얏트 로 운영 예정,1,김진희 롯데관광개발 인사총괄 상무는  코로나  확산을 우려해 화상면접으로만 채용이 이루어지면서 채용 과정에 애로가 적지 않았다 며  이번 면접으로 개장을 앞둔 제주 드림타워 복합리조트 신규 채용에 만전을  ,1
109,강동구  학생 안전 위해 학교방역용 소독약품 지원,0,이정훈 가  코로나 로부터 안전한 등교환경을 조성하기 위해 초 중 고  개교에 학교방역용 소독약품을  등에서  코로나  확진자가 발생하며 우려의 목소리가 커지고 있다  이에 강동구는 지역 내 초등학교  개교  ,1
110,늘어나는 혼술 홈술족 겨냥한 안주   제품 인기,0,신종  코로나 바이러스 감염증 코로나  확산과 주  시간 근무 이후 약속이나 회식이 줄면서  홈술 집에서 마시는 술  및  혼술 혼자 마시는 술  문화가 더욱더 빠르게 성장하고 있다  이로 인해  가정간편식  안주  ,1
111,교보생명  베테랑 재무설계 매니저  이제 온라인서 만나요 ,0,포스트  코로나  시대를 앞두고 비대면 영업환경에 적극적으로 대응하면서  온라인을 통해 고객에게   코로나    사태로 대면 상담을 꺼리는 고객이나  원거리에 있어 다이렉트 지점 방문이 어려운 고객 등 누구나 이용할  ,1
112,세정그룹   덕분에 챌린지  응원 캠페인 동참,0,패션기업 세정그룹 회장 박순호 이 지난달  일   코로나  치료와 확산 방지를 위해 힘쓰는 대한민국 모든  세정 박순호 회장은  코로나 를 극복하기 위해 신속한 대처로 앞장서고 있는 정부 관계자와 밤낮없이 헌신하는  ,1
113,경산시   코로나  소비촉진 위한 농산물 드라이브 스루 판매행사 개최,0,이번 행사는  코로나  확대 장기화로 인해 지역소비 판로에 어려움을 겪고 있는 농가 돕기 등 소비촉진을 위해 마련된 자리이며  지난달  일의  차 행사 또한 시민들에게 큰 호응을 얻었다 이번 행사에서는 채소류  개  ,1
114,권찬호 팔달구청장  관내 녹지 사업 대상지 현장점검,0,기후환경을 조절하는 효과도 있을 것으로 기대하고 있다  권 구청장은  녹지 정비로 도심 속 녹색 공간을 시민들이 더욱 쾌적하게 이용할 수 있게 됐다   코로나 로 인해 지친 시민들의 마음에 위안이 되길 바란다 고 말했다 ,1
115,수도요금 분할 납부 허용 납부유예 시행,0,또 최근  코로나  여파로 경제적 어려움을 겪고 있는 소상공인  영세업자 등이 수도요금 감면이나 요금  지자체에게  코로나  상황을 반영해 즉시 시행하도록 권고했다  국민권익위 권석원 권익개선정책국장은  이번  ,1
116,카페베네  하겐다즈와 손잡고 여름 신메뉴 출시 관련 프로모션 진행,0,하겐다즈 아이스크림을 활용한 이번 카페베네 여름 신메뉴는  코로나  여파로 사회적 거리 두기가 일상화되면서  인 메뉴를 선호하는 식문화에 맞춰 보다 안전하고 가볍게 즐길 수 있는 컵빙수  종과 프라페노 음료  종  ,1
117,상주 신병  주일 만에 훈련 끝난 이유는 ,0,올 시즌은  코로나 로  리그가 늦게 개막하였지만 국방부의 시계는 변함없이 돌아간다  이에  월에  명의  특히  코로나 로 전입 선수들의  주간 자가 격리 공백과 체력 훈련이 큰 걸림돌이었다  만일 이번  기 선수들이  ,1
118,  고생하는  코로나  의료진에게 치킨 등 간식 지원,0, 가 모기업  그룹과 함께 신종  코로나 바이러스 감염증 코로나 로 인해 전국 각지에서 고군분투 중인 의료진들을 위해   시그니처 메뉴인 핫크리스피치킨 등 간식을 지원했다고  일 밝혔다   는 계속되는  ,1
119, 유플러스 엔리얼  세계최초  글라스 출시 전국  개 매장 체험 가능,1, 유플러스는  코로나 로 인한 언택트 시대에 맞춰 엔리얼과 함께  글래스 온라인 앱  개발 세미나를 개최한다  오는  월  일  시  분부터 한 시간 동안 올쇼 를 통해 실시간으로 참여할 수 있으며 해당  ,1
120, 개 생보사 대표 중 관심도 톱은  교보생명 신창재 회장 호감도는 최저 기록,0,주요  개 생명보험회사 대표 중 신종  코로나  바이러스 코로나  확산기인 최근  개월동안 언론과 소비자들의 관심을 가장 많이 받은 이는 신창재 교보생명 회장인 것으로 나타났다  이는 풋옵션으로 인한 재무적  ,1
121, 포스트  코로나 포스트 코로나  시대 기업전략 언택트 넘어 딥택트 지향해야,0, 코로나  사태 이후 기업들이 생존하기 위해서는 대면  사업과 비대면  사업 최적 조합을  이번 경영콘서트에서 김경준 딜로이트 컨설팅 부회장은  코로나  이후 언택트 시대  우리의 미래는 을 주제로  ,1
122, 손보 콜센터 직원  명 추가 확진,0, 손해보험 콜센터 직원  명이 신종  코로나 바이러스 감염증 코로나 에 감염된 것으로 확인됐다  보험사 콜센터와 전화영업점을 중심으로 집단감염의 우려가 또다시 제기되고 있다   일  손보에 따르면 자가 격리  ,1
123, 포스트  코로나 포스트 코로나  시대 기업전략 언택트 넘어 딥택트 지향해야,0, 코로나  사태 이후 기업들이 생존하기 위해서는 대면  사업과 비대면  사업 최적 조합을  이번 경영콘서트에서 김경준 딜로이트 컨설팅 부회장은  코로나  이후 언택트 시대  우리의 미래는 을 주제로  ,1
124,삼전 웃는데 반도체 전망은,0,삼성전자의 주가가 연일 상승하며  코로나  이전 수준 회복을 향해 무섭게 돌진하고 있다  시장에서는  신종  코로나  바이러스 감염증 코로나 로 인해 언택트 비대면 선호 현상으로 수요가 증가하고 있는 이유에서다  ,1
125,경남농업기술원  신품종 육성 밀 유전자원 평가회 열어,0,도 농기원에 따르면 올 한해 전 세계를 강타한  코로나 로 물적 인적자원의 이동이 제한되고 그에 따른 식량부족의 위기감은 식량안보의 중요성에 대해 다시한번 생각하게 밀 부흥을 위한 중장기적인 대책이 필요하다  ,1
126,김포 혁신교육지구 사업  특수교육대상자를 위한 교육과정 지원,0,정하영 김포시장은  혁신교육지구 사업 내 특수교육 대상자를 위한 사업이 별도로 편성돼 소외되는 학생들이 줄었다 면서  코로나 로 인해 교육과정 운영이 쉽지 않을 것으로 판단되지만  학생들의 안전을 위한  ,1
127,청양군  문화 활성화 위한 소통 공감 워크숍 개최,1,계획이며   코로나  이후 군민들의 다양한 문화생활 영위를 위해 창의적이고 새로운 공연이 이어지도록 열린 행정을 펼칠 방침이다  김돈곤 군수는  코로나  때문에 군민들의 삶  경제  사회 등 많은 분야에 변화가  ,1
128, 네이버 포스트  산림분야 중증장애인 일자리 나온다,0,이번 협약은 신종  코로나 바이러스 감염증 코로나 으로 경제와 고용 등 사회 전반에 걸쳐 힘든 시기를 보내고 있는 가운데 산림청이 대한민국 중앙 행정기관으로서 장애인고용에 대한 사회적 책무를 인식하고 선도적  ,1
129,  경남 김해에 제  데이터센터   건립한다,0, 은 자체 보유한 통합 클라우드 서비스  의 사업확대와 더불어  포스트  코로나  시대로 본격화된 디지털 전환으로 클라우드 수요 급증이 예상됨에 따라  의 데이터 수용 능력을 넘어선 새로운  ,1
130,법정의무교육 산업안전보건교육 관리감독자교육 등 한국사이버진흥원 온라인 ,1,현장을 진두 지휘하는 관리감독자의 경우 연간 이수 교육 시간도 다른 법정의무교육에 비해 긴 편이며  산업안전보건법 및 일반관리에 관한 사항들까지 많은 항목들을 학습하여야 한다 최근  코로나  사태로 인하여 사회적  ,1
131, 농협손보 마케팅부문 임직원  영농철 일손돕기에 총력,0,임종철  농협손해보험 부사장은  코로나 로 인한 화훼농가의 어려움이 장기화 되고 있어 안타깝다 며  농협손해보험은 지속적인 농촌 지원활동을 통해 농가의 경영안정에 기여할 수 있도록 최선을 다하겠다 고  ,1
132,성윤모  기업인 이동 신속통로 아세안 국가로 확대 제안,0,기업인 이동 보장  시장개방 확대  포스트  코로나  협력 등 제안 박성준 기자   성윤모 산업통상자원부 장관이 아시아 국가의 경제장관들과 코로나  현황에 관한 화상회의에 참석  아시아 국가들 간 기업인  ,1
133, 거리두기 체온재고 입장해요 ,0, 일 오후 서울 중랑구 서울의료원에서 열린  서울의료원 잠시멈춤 콘서트 에서 신종  코로나 바이러스 감염증 코로나  환자 진료를 위해 수고해 온 의료진들이 입장 전 체온을 재고 있다   뉴스 ,1
134, 차관동정  박선호  건설현장 방문해  안전관리 수칙 철저히 준수 ,0,방문해 코로나  방역 및 안전관리 현황을 점검하고 현장 관계자 및 근로자들의 노고에 감사의 뜻을 전했다  이날 국토부에 따르면 박 차관은  코로나  예방조치 및 안전관리 현황 등을 보고 받은 뒤 현장 관계자들을 만난  ,1
135, 더벨  워치   은행업은  항공모함 국민은행  지속가능성이 원칙 ,0, 코로나  위기에 액션플랜 재점검  리스크관리 통해 은행 회복력 강화  최철수 리스크전략그룹 전무 사진  리스크 분야에서 잔뼈가 굵은 최 전무에게도 올초 발생한  코로나 는 예상치 못한 복병이었다  국민은행은  ,1
136,동서발전  인도네시아에  코로나  방역 물품 지원,0,칼셀  발전소 위치한 칼리만탄 따발롱 지역에 방호복  벌 등 전달 한국동서발전이  일  코로나 가  따발롱 지역은 동서발전이 칼셀  발전소를 운영 중인 곳으로  동서발전은 방호복  벌과 방역고글 등  코로나  ,1
137,철강업계 최대 행사  철의 날  결국 취소,0,매년 철강업계 최대 행사로 꼽히는  철의 날  기념식이  코로나  재확산 우려로 결국 취소됐습니다  한국철강협회는  최근 이태원발  코로나  감염이 부천 물류센터 집단감염으로 번지는 등 재확산 등을 고려해 오는  일  ,1
138, 유플러스   글라스  엔리얼 라이트   분기 출시,0,아울러 신종  코로나 바이러스 감염증 코로나  확산으로 인한 언택트 시대에 맞춰  글래스 온라인 앱 개발 세미나도 개최한다   일 오전  시  분부터 한 시간 동안 올쇼 를 통해 실시간으로 참여 가능하며 해당  ,1
139,청양군  문화 활성화 위한 소통 공감 워크숍 개최,1,계획이며   코로나  이후 군민들의 다양한 문화생활 영위를 위해 창의적이고 새로운 공연이 이어지도록 열린 행정을 펼칠 방침이다  김돈곤 군수는  코로나  때문에 군민들의 삶  경제  사회 등 많은 분야에 변화가 심하다  ,1
140,제주도교육청  방과후학교 강사 비상금대출 저금리 지원,0,제주도교육청 관계자는  코로나  장기화로 어려움을 겪고 있는 방과후학교 강사들에게 조금이나마 도움이 될 수 있도록  월 내 지급할 것을 목표로 하고 있다 고 밝혔다   헤드라인제주 ,1
141,당진시  안전도시 분과위원회 개최,0,시 관계자는  포스트  코로나  시대에는 시민의 안전이 더욱 중요한 이슈가 될 것 이라며  유관기관과 민간단체  그리고 시민의 적극적인 참여를 이끌어 안전도시 당진을 함께 만들어가겠다 고 말했다  당진 박승군 기자,1
142,하늘길 막힌   제주로 몰려 제주신라 고객  ,1,국내여행보다 해외여행을 선호하던 젊은 세대가  코로나  여파로 제주도로 발길을 돌리는 것으로 보인다  요즘  세대는 최신 트렌드를 추구하면서도 차별화되는 이색적인 경험을 선호하는 특징이 있어  세대 밀레니얼  ,1
143, 동정 김창호 영동부군수,0,김창호 충북 영동부군수 아시아뉴스통신   김창호 충북 영동부군수는 일 영동읍 일원에서 펼쳐지는 코로나  대응 생활방역활동에 참여한다   아시아뉴스통신 김성식 기자 ,1
144,엔젤스파이팅   월  일 파주서     개최,0, 코로나 를 넘어 다시 기지개를 켠 엔젤스파이팅챔피언십 박호준 대표 가 한국의 맥그리거와  실제로 지난 월 대회를 개최하려고 했으나 세계적인 팬데믹으로 이어진  코로나 바이러스 사태로 무기한  ,1
145,세종시   일 제 회 현충일 추념식 행사 축소 진행,0,올해 현충일 추념식은  코로나  확산에 대한 우려와 생활 속 거리두기 지침에 따라 당초 계획 인원인  이춘희 시장은  코로나 로 인해 행사 규모가 축소되지만 순국선열과 호국영령을 기리는 마음만큼은 여전히 클 것  ,1
146, 창의성과 다양성 으로 다가오는 국내 인디게임 행사,1,있거나  코로나 로 인해 홍보에 난항을 겪고 있는 인디게임들을 도와주고 있다  인디게임은 보편적으로  올해도 어김없이  월에 오프라인으로 개최될 예정이었으나   코로나 사태로 인해 현장 행사를 취소하고  온라인  ,1
147,조명래 환경부 장관  국가 미래 위한 녹색전환 서둘러야 ,0,정부는  코로나 에 대응한 한국형 뉴딜의 일환으로 그린뉴딜을 추진하고 있다  조 장관은  기후위기 시대의 녹색전환은 경제의 탈탄소화를 기반으로 생태계의 순환과 자정력이 복원된 생태사회로의 변화를 이끌어  ,1
148,  현대중공업 대우조선 결합심사 재개,0, 일 조선업계에 따르면 유럽연합  집행위원회는 지난  일  코로나  확산 여파로 인해 일시 유예했던  그러나  코로나  확산으로 심사 관련 자료 수집 등에 애로가 발생하자 지난  월  일부터 심사를 유예했다  당초   ,1
149, 세줄포토  정말 당분간만 휴관인가요 ,1, 일 오전 서울식물원 입구에  코로나 로 인한 휴관 안내문이 설치되어 있다  김재호 기자  베이비뉴스개방되어 있는 서울식물원의 야외공간을 이용하기 위해 찾은 관람객들  김재호 기자  베이비뉴스 서울식물원이  코로나  ,1
150,오산시  현충일 추념식 취소 자율분향소 운영,0,오산시청 전경 사진 오산시  오산시는  코로나  확산 방지를 위해 오는  일 예정된  제 회 현충일 추념식 을 취소하고 시민 누구나 자유롭게 참배할 수 있는  자율분향소 를 운영하기로 했다  자율분향소는  코로나 가  ,1
151, 로봇  서초구청 출입자 발열체크,1, 일 오후 서울 서초구청 입구에서 인공지능 로봇이 신종  코로나 바이러스 감염증 코로나 예방을 위해 청사 출입자들의 체온을 측정하고 있다  높이가 약   정도인  로봇은 적외선 카메라와 안면인식 기능을  ,1
152,작년  하이닉스 사회적 가치 창출 급감  반도체 저조해 납세 줄어,1,또  코로나 와 같은 사태에 대비해 국민들의 안전과 생존을 지원하는 사회적 안전망도 개발한다  김윤욱  하이닉스 지속경영 담당은  년과 대비해 사회적 성과가 큰 폭으로 감소했다 며  특히 부정적 영향이  ,1
153,창녕군   창녕형  비대면 선별진료소 운영,0, 사진제공 창녕군청 아시아뉴스통신 손임규 기자 경남 창녕군은 지난  월  일 도내 최초로  코로나  있다 코로나  장기화와 감염병 대유행 대비  드라이브 스루형   워킹스루형 등 통합형 선별진료소 운영 중에 있고  ,1
154,강진군  농특산물 직거래 매출 전년 대비   상승   억 원 달성,0, 코로나 발 위기를 기회로 전환시킨 화훼 온라인 직거래 판매 또한 큰 주목을 받았다  군은 행사 취소 등  코로나  여파로 어려움을 겪는 화훼농가를 위한 지원대책으로 기존의 공매방식에서 벗어나 전국 최초로 온라인  ,1
155, 로봇이 똑똑하게 체온 측정해요 ,1, 일 오후 서울 서초구청 입구에서 인공지능 로봇이 신종  코로나 바이러스 감염증 코로나 예방을 위해 청사 출입자들의 체온을 측정하고 있다  높이가 약   정도인  로봇은 적외선 카메라와 안면인식 기능을  ,1
156, 코로나  예방 위해 서초구청에 배치된 인공지능 로봇,0,적외선 카메라와 안면인식 기술이 탑재된 인공지능  로봇이  일 서울 서초구청 출입문에 배치돼 구청 출입자들의 체온 측정과 마스크 착용 유무 및 올바른 마스크 착용 여부를 체크하고 있다      ,1
157,동료들도 특급대우 구창모  형들이 대투수라고 놀려요 ,0, 코로나  때문에 힘드실 텐데 팬분들이 어디서든 최선 다해 응원해주셔서 잘하고 있다  언젠가 야구장에서 같이 야구 즐겼으면 좋을 것 같다  한국시리즈도 기대하고 있다  창원,1
158,폴킴  코로나 로 지친 의료진 위해 ,0,가수 폴 킴이  일 오후 서울 중랑구 서울의료원에서 열린  서울의료원 잠시멈춤 콘서트 에서 신종  코로나 바이러스 감염증 코로나  환자 진료를 위해 수고해 온 의료진들을 위해 공연을 펼치고 있다   뉴스 ,1
159, 코로나  예방 위해 서초구청에 배치된 인공지능 로봇,0,적외선 카메라와 안면인식 기술이 탑재된 인공지능  로봇이  일 서울 서초구청 출입문에 배치돼 구청 출입자들의 체온 측정과 마스크 착용 유무 및 올바른 마스크 착용 여부를 체크하고 있다      ,1
160,의료진 사연읽는 폴킴,0,가수 폴 킴이  일 오후 서울 중랑구 서울의료원에서 열린  서울의료원 잠시멈춤 콘서트 에서 신종  코로나 바이러스 감염증 코로나  환자 진료를 위해 수고해 온 의료진들을 위해 공연을 펼친 후 의료진의 사연을  ,1
161, 코로나  질본의  청  승격과 연구소의 복지부 이관,0,정부는 이번 조직 개편은 신종  코로나 바이러스 감염증 코로나  사태를 계기로 감염병 사태에 더욱 신속하고 전문적으로 대응하고 보건의료 전반에 대한 연구를 강화하기 위한 것이라고 설명했다  이번 정부조직법  ,1
162,위안화 강세 대비 경기회복주 선점  중국주식 투자 어떨까,0, 월 국내 투자자들로부터 가장 많은 선택을 받은 중국 주식  위는 항서제약으로  코로나 의 수혜를   코로나  수혜 항서제약 야오밍캉더 지난 한 달 간 국내 투자자들로부터 사랑 받은 중국 주식 상위 종목  ,1
163,  국내  코로나  극복 지원 동참,1, 코리아 대표 김대환 가 국내  코로나  극복을 위해 자사 기술과 자원을 투입하고 있다   코리아와   이번   코리아의 성금은  코로나  방역을 위해 노력하는 의료진 및 자원봉사자를 지원하는 것은 물론  도움의  ,1
164,손흥민  모든 경기 이긴다고 약속할 순 없지만  노력할 것 ,1,그런데 안타깝게도 토트넘은 프리미어리그 사무국에서 실시한  코로나   차 진단 검사에서  명의 확진자가 발생했다  이에 대해 토트넘은   사무국으로부터  코로나  검사 결과  명의 무증상 확진자가 나왔다는 연락을  ,1
165,입시설명회도  드라이브 스루 ,0,종로학원은 그동안 신종  코로나 바이러스 감염증 코로나  확산 때문에 미뤄온 설명회를 자동차에서 듣는 방식 드라이브 스루 으로 진행하기로 했다  주차장에는  대가량의 차가 들어올 수 있다  참석자는 차 안에서  ,1
166,안면온도 측정하는  로봇,1, 일 오후 서울 서초구청 입구에서 인공지능 로봇이 신종  코로나 바이러스 감염증 코로나 예방을 위해 청사 출입자들의 체온을 측정하고 있다  높이가 약   정도인  로봇은 적외선 카메라와 안면인식 기능을  ,1
167,동국제약  야외활동 증가  진드기 기피제  디펜스벅스더블  쓰세요 ,0,최근  코로나 로 등산 캠핑 등 비대면 야외활동을 즐기는 사람이 증가함에 따라 진드기 매개 감염병에 대한 주의가 요구된다  환경부와 국립공원공단에 따르면 지난  월  일부터  월  일까지 북한산과 계룡산 등의  ,1
168, 기고  군사 전쟁과  코로나  전쟁의  메타포 ,1,대사   코로나 가 작년 말 중국 우한에서 발생한 후 세계보건기구  는  월 초 세계적인 유행병을 의미하는 팬데믹으로 분류했다 테드로스 세계보건기구   사무총장은 한 걸음 더 나아가  세계는 지금  코로나 와 전쟁  ,1
169,  올  분기에 세계 최초    글라스  선보인다,1,  엔리얼과 함께  글래스 온라인 앱  개발 세미나 개최  유플러스는  코로나 로 인한 언택트 시대에 맞춰 엔리얼과 함께  글래스 온라인 앱  개발 세미나를 개최한다   일 오전  시  분부터 한 시간 동안  ,1
170, 홈쇼핑   소셜 임팩트 프로젝트  창업 특강 온라인 진행,0,특히 올해는 신종  코로나 바이러스 감염증으로 인한  생활속 거리두기 를 준수하고자  사회혁신 창업에 성공한 대표들의 이야기를 듣고 소통하는 특히  창업특강  프로그램을 온라인으로 전환해 진행하고 있다  특히  ,1
171, 현대산업개발   스마트시티 플랫폼 사업  추진 위한 업무 협약 체결,0,특히  코로나 를 계기로 마련된 정부 주도의  한국판 뉴딜 프로젝트 가 가시화됨에 따라  양사가 추진하는  포스트  코로나  시대 도시 주거 환경의 디지털트랜스포메이션   을 선도해 나갈 것 이라고  ,1
172,  약발 끝 서울 아파트값  주만에 하락 멈췄다,0,박원갑  국민은행 부동산 수석전문위원은  코로나  사태가 어느정도 진정되고 경제활동 재개에 대한 기대감이 커지면서 부동산 시장도 영향을 받았다 며  양도세 절세 매물이 소진돼 하락세가 진정됐지만  ,1
173,익명의 기부자 의왕시 내손 동 주민센터에 긴급재난지원금으로 백미 기부,1,이상원 내손 동장은  코로나 로 모두 힘들고 어려울 때에 긴급 재난지원금으로 소중한 후원물품을 기부하여 지역경제와 취약계층에게도 도움이 되는 일석이조의 효과가 있다고 생각한다 며   기부를 해주신 익명의  ,1
174,와이즈넛  인천공항공사에 챗봇 서비스 구축,0,포스트  코로나  시대를 극복해나갈 수 있는 비대면 스마트 공항 서비스 제공을 위해 적극 노력해 나갈 것 이라고 말했다  강용성 와이즈넛 대표는  국내 최다   챗봇 상용 노하우와 상용화 서비스를 운영하고 있는  ,1
175,한컴 상사  글로벌 시장 공략 맞손,0,이날 양사는  차산업혁명 및 포스트 코로나  시대에 필요한 언택트솔루션과 사물인터넷  인공지능 등  김상철 한컴그룹 회장은  코로나 를 겪으면서 정부부처  지자체  기업  학생 등 다양한 레퍼런스와 사용자들을  ,1
176,자활기업  반희담  광주시에 여름용 면 마스크  장 기부,0, 사진 광주시  이번 여름용 면 마스크 기부는 최근 수도권을 중심으로  코로나 가 다시 확산되고 있어 이를  이에 대해 신동헌 시장은  최근  코로나 집단감염 사례와 생활 속 거리두기로 전환되면서 개인위생의  ,1
177, 카드로 스쿨뱅킹 자동납부 시  최대  만 원 캐시백,0,장길동  카드 마케팅본부장은  신종  코로나 바이러스로 인해 많은 어려움을 겪고 있는 고객에게 조금이나마 힘이 될 수 있도록 이벤트를 준비했다 며  앞으로도 고객 생활 전반에서 다양한 혜택을 제공할 수 있도록  ,1
178,의료폐기물 처리도  방역  의료폐기물 대응 전세계 공유,1,우리나라의 신종  코로나 바이러스 감염증 코로나  관련 의료폐기물 관리와 대응 경험을 전 세계에 공유한다  환경부 산하 한국환경공단은 오는  일 오후  시 분부터 인천 서구 공단 본사 국제화상회의실에서  ,1
179,장덕초   코로나  대비 점심시간 칸막이  교실 도시락  운영,1,맞아  코로나  극복을 위해 최선을 다하고 있다 일 광주서부교육지원청에 따르면 장덕초등학교는 학생 수  여 명에 이르는 거대학교이다  장덕초에서는  코로나 로부터 학생들을 안전하게 지키기 위해 입실 전 발열  ,1
180,동국제약  야외활동 증가  진드기 기피제  디펜스벅스더블  쓰세요 ,0,최근  코로나 로 등산 캠핑 등 비대면 야외활동을 즐기는 사람이 증가함에 따라 진드기 매개 감염병에 대한 주의가 요구된다  환경부와 국립공원공단에 따르면 지난  월  일부터  월  일까지 북한산과 계룡산 등의  ,1
181, 홈쇼핑   소셜 임팩트 프로젝트  창업 특강 온라인 진행,0,특히 올해는 신종  코로나 바이러스 감염증으로 인한  생활속 거리두기 를 준수하고자  사회혁신 창업에 성공한 대표들의 이야기를 듣고 소통하는 특히  창업특강  프로그램을 온라인으로 전환해 진행하고 있다  특히  ,1
182,의료폐기물 처리도  방역  의료폐기물 대응 전세계 공유,1,우리나라의 신종  코로나 바이러스 감염증 코로나  관련 의료폐기물 관리와 대응 경험을 전 세계에 공유한다  환경부 산하 한국환경공단은 오는  일 오후  시 분부터 인천 서구 공단 본사 국제화상회의실에서  ,1
183,위안화 강세 대비 경기회복주 선점  중국주식 투자 어떨까,0, 월 국내 투자자들로부터 가장 많은 선택을 받은 중국 주식  위는 항서제약으로  코로나 의 수혜를   코로나  수혜 항서제약 야오밍캉더 지난 한 달 간 국내 투자자들로부터 사랑 받은 중국 주식 상위 종목  ,1
184, 대신심 대용맹심 내어 빈틈없이 정진하라 ,1,한편  전국선원수좌회는  코로나  감염 예방에 동참하기 위해 경자년 하안거 결제일을 음력  월  일에서 윤달  월  일로 연기했다  이에 따라 경자년 하안거 결제는  월  일로  전국 선원에서는  여 명의 수좌가 석 달간의  ,1
185,안면온도 측정하는  로봇,1, 일 오후 서울 서초구청 입구에서 인공지능 로봇이 신종  코로나 바이러스 감염증 코로나 예방을 위해 청사 출입자들의 체온을 측정하고 있다  높이가 약   정도인  로봇은 적외선 카메라와 안면인식 기능을  ,1
186,  올  분기에 세계 최초    글라스  선보인다,1,  엔리얼과 함께  글래스 온라인 앱  개발 세미나 개최  유플러스는  코로나 로 인한 언택트 시대에 맞춰 엔리얼과 함께  글래스 온라인 앱  개발 세미나를 개최한다   일 오전  시  분부터 한 시간 동안  ,1
187,  포커스  소형준 이민호 허윤동  신인 활약에 생기 넘치는  리그,1,신종  코로나 바이러스 감염증 코로나 으로 인한 무관중 경기와의 연관성도 흥미롭다  허구연 위원은  신인 투수들이 관중이 많은 경기장을 처음 경험하면 긴장하거나 붕 뜨기 쉽다 며  만약  만 명 이상의 관중이  ,1
188,서초구청 입구에 설치된 발열체크 로봇,1, 일 오후 서울 서초구청 입구에서 인공지능 로봇이 신종  코로나 바이러스 감염증 코로나 예방을 위해 청사 출입자들의 체온을 측정하고 있다  높이가 약   정도인  로봇은 적외선 카메라와 안면인식 기능을  ,1
189,일본 외무상  한국   제소에  결론은 안 나 무슨 생각일까 ,0,시 주석의 국빈 방일은 당초 올해  월로 예정됐다가 신종  코로나 바이러스 감염증 코로나  확산 여파로 연기됐습니다  그는 시 주석의 방일 시기에 대해  월로 예정된  주요  개국  정상회의가 먼저 오는 것은 틀림이  ,1
190, 년  민주항쟁이 울산에서 더 뜨거웠던 이유,1,울산기념사업위원회는  코로나 로 국가적 위기 속에 진행되는 민주항쟁 기념식이라 생활속  이어  아울러  코로나  이후 변화할 세상에서 가장 모범적인 방역과 극복으로 세울 새로운 이정표에 국민 모두와  ,1
191, 셀트리온    이상 상승    치료제 사업도 주목   유진투자증권   ,1,대해  코로나  항체 치료제를 개발 중인 셀트리온이 동물대상 효능 시험에서 의미 있는 결과를 도출   코로나  항체치료제도 개발 완료 후 글로벌 판매는 셀트리온헬스케어가 담당 이라고 분석하며  투자의견   ,1
192,거리두고 앉아 폴킴 공연보는 의료진들,0, 일 오후 서울 중랑구 서울의료원에서 열린  서울의료원 잠시멈춤 콘서트 에서 신종  코로나 바이러스 감염증 코로나  환자 진료를 위해 수고해 온 의료진들이 가수 폴 킴의 공연을 보고 있다   뉴스 ,1
193,청와대  카타르  선 수주  경제외교의 결실 ,1,윤 부대변인은  정상회담 후 양국 협력을 의료  정보통신기술  등으로 확장했고 최근 카타르에  코로나 신종  코로나 바이러스 감염증  진단 장비를 공급했다 며  양국 신뢰가  선 수주라는 열매를 맺는 토대가 됐다  ,1
194,똑똑한 로봇의 발열체크,1, 일 오후 서울 서초구청 입구에서 인공지능 로봇이 신종  코로나 바이러스 감염증 코로나 예방을 위해 청사 출입자들의 체온을 측정하고 있다  높이가 약   정도인  로봇은 적외선 카메라와 안면인식 기능을  ,1
195,안면온도 측정하는  로봇,1, 일 오후 서울 서초구청 입구에서 인공지능 로봇이 신종  코로나 바이러스 감염증 코로나 예방을 위해 청사 출입자들의 체온을 측정하고 있다  높이가 약   정도인  로봇은 적외선 카메라와 안면인식 기능을  ,1
196,   주 금빛  나노칩 기술 적용  코로나  진단키트 사업 본격화 나서,0,   주 금빛이 나노칩 기술을 적용한  코로나  진단키트의 국내 및 아시아 시장 공략에 나선다   는 이스라엘 벤구리온 대학     교수 측과  코로나  즉석 진단기기 사업에 대한 업무협약 를 이스라엘  ,1
197, 금강전설  의왕시에 성금  만원 기탁,0,임현 에서  코로나 로 인해 어려움을 겪고 있는 저소득층을 위해 사용해 달라며  일 의왕시에 성금  만원을 기부했다  임현 대표는  코로나   로 더욱 어려움을 겪고 있는 저소득층과 함께 하고자 성금을 기탁하게 되었다  ,1
198,국내 첫 임상  코로나  백신 놓고  서 소송전,1,신종  코로나  백신 임상시험 중인 이노비오 백신 생산하는   상대  서 소송  백신 대량생산 정보 공개  신종  코로나  바이러스 백신을 둘러싸고 소송이 벌어졌다  개발회사인 이노비오가 백신 제조를 맡은 국내  ,1
199,  베트남 빈홈즈  호치민  구에 저층주택 판매,0,빈홈즈의 응웬 둑 관 영업담당 부 는 이번 행사에서   신종  코로나  바이러스 확산으로 세계와 아시아의 경제는 크게 침체됐으나  베트남은 여전히 유망한 투자처 라면서  베트남에서도 특히  구는 향후 발전  ,1
200,김산 무안군수  개학맞이  코로나  예방 캠페인 실시,0,전남 무안군 군수 김 산 은 지난  일과  일 남악초등학교와 무안초등학교에서 개학맞이  코로나  예방 캠페인을 실시했다고 밝혔다   코로나  안전캠페인 남악초등학교 이번 캠페인은 초등학교가 학년별로 단계적으로  ,1
201, 번가  전북 농특산물 기획전 연다 신동진 쌀 아리울 떡 할인,0,이상호  번가 사장은  코로나 의 장기화로 농산물 유통과 전반적인 소비심리가 위축된 상황에서 전라북도의 품질 좋은 상품들을 고객에게 선보이고 지역경제 활성화를 돕게 돼 뜻깊게 생각한다 며  판로 개척에  ,1
202,웰크론  케어온베이직마스크     승인,0,웰크론그룹 관계자는  코로나 가 전세계적으로 여전히 확산되고 있는 가운데  이번 케어온밸브마스크의  국내 및 각 국가의 요청에 빠르게 대응하여  코로나  예방에 적극 기여하는 기업이 되겠다 고 말했다 ,1
203,대학로 연극  리미트 에 배우 김민교 출연이 확정 ,0,연극  리미트 의 연출자로써  리미트 에 대한 애정과 사랑이 남다른 김민교는  연극을 통해  코로나 로 인해 지친 관객들에게 밝은 웃음과 긍정적인 에너지를 선물해주고 싶다 고 말했다   리미트 는 대학로  ,1
204, 생방송오늘저녁 파김치장어뚝배기 닭볶음탕 눈중풍,0, 코로나  극복   인 여름 보양식   우리 집 늦둥이  하이에나 남매   매운 꽃이 몸에 좋다  약이 되는 꽃     슬기로운 외식생활   코로나  극복   인 여름 보양식  코로나 에 예년보다 빨리 찾아온 더위로 지친 사람들을  ,1
205,광주시의회 행정자치위원회   구 적십자병원 및  자유공원  현장방문,0,행자위 현장방문   자유공원  또한 현재  코로나 로 인해 광주시민의 불안감이 상당히 높으니  추진되고  행자위 현장방문   자유공원  김익주 행정자치위원장은  올해는  코로나  사태 등 여러 가지 힘든 상황이  ,1
206, 기자수첩  불평등 화두  심상정이 묻고 김종인이 답하다,0, 코로나 로 우리의 일상은 완전히 바뀌었다  경제 흐름과 정책  국가 기조는 이제 모두  포스트  코로나 에 초점이 맞춰졌다  이미 정부와 지자체는 한 차례 긴급재난지원금을 지급해 경제 활성화에 나섰다  하지만 정치권  ,1
207,청와대  과학기술 투자 강화해  기술 역량 기반한 글로벌 선도형 경제 만들 ,0,포스트  코로나  시대를 대비해 우리 경제를 글로벌 선도형 경제로 변화하기 위해 앞으로도 과학기술을  포스트  코로나  시대 경제위기 극복방안으로 제시한  선도형 경제  실현 가능성을 상징적으로 보여줬다는데  ,1
208,다단계식 건강용품업체  리치웨이  관련 최소  명 확진 상보 ,1,다단계식 건강용품 판매업체  리치웨이 와 관련된 신종  코로나 바이러스 감염증 코로나  확진자가  일 오전까지 최소  명으로 확인됐다  특히 이 업체는 노인들이 많이 방문하는 것으로 알려져 고위험군 고령  ,1
209,괴산 청천푸른내상인협동조합  시장내에  버섯한끼  운영,0,그러면서  많은 분들이 오셔서 버섯이 들어간 색다른 건강 분식을 맛보시고  빼어난 자연경관을 자랑하는 괴산에서  코로나 로 지친 심신을 치유하는 기회도 가져 보시기 바란다 고 당부했다 ,1
210,서울시  자영업자 생존자금  월  만 원 지급 시작,1,서울시는  일 신종  코로나 바이러스 감염증 코로나 으로 어려움을 겪는 매출  억 원 미만 영세소상공인  곳에  자영업자 생존자금   차 지급을 시작한다고 밝혔다  이번 수혜 대상 중  인 자영업자가 총  ,1
211,셀트리온  유럽학회 류마티스 관절염 환자 대상 램시마  임상 연구 발표,0, 는  일부터  일까지 독일 프랑크푸르트에서 열릴 예정이었으나  코로나 로 인해 온라인으로  특히 셀트리온헬스케어는  코로나 로 인해 병원 방문이 어려운 환자들이 집에서 직접 투여가 가능한  ,1
212,세정그룹   코로나  의료진 응원  덕분에 챌린지  캠페인 동참,0,패션기업 세정그룹은 지난달  일  코로나  치료와 확산 방지를 위해 힘쓰는 대한민국 모든 의료진에 대한  박순호 세정 회장은  코로나 를 극복하기 위해 신속한 대처로 앞장서고 있는 정부 관계자와 밤낮없이 헌신하는  ,1
213,국민  명 중  명  차 재난지원금 필요해 ,1,이에 정의당 심상정 대표는  일 국회에서 열린 상무위원회에서  코로나  민생 절벽에 대비하는 획기적인  최근 언론 인터뷰를 통해 이 지사는  코로나 가 종식되더라도 경제는 상당 기간 나빠질 가능성이 있기  ,1
214,청와대  카타르  수주는 문대통령과 정부의 경제외교 결실 ,0,그는 정상회담 후 양국 협력을 의료  정보통신기술  등으로 확장했고 최근 카타르에  코로나  진단  카타르에  코로나    관련 진단 장비 공급과  방역 경험 공유 등 양국 간 협력의 범위를 확대했다 고 했다  또  ,1
215,조봉환 소진공 이사장  임직원과  전통시장 소비 활성화  구슬땀,0,인해  코로나 로 큰 타격을 입었던 전통시장에 서서히 활기가 돌고 있다 며  이 활기가 계속 이어질 수 있도록 지속적인 관심이 필요하다 고 말했다  이에 대해 조 이사장은  전국 전통시장이  코로나 로 매우 힘든 시기를  ,1
216, 기능 탑재된 로봇  발열체크,0, 일 오후 서울 서초구청 입구에서 인공지능 로봇이 신종  코로나 바이러스 감염증 코로나 예방을 위해 청사 출입자들의 체온을 측정하고 있다  높이가 약   정도인  로봇은 적외선 카메라와 안면인식 기능을  ,1
217,발열 체크하는  로봇,1, 일 오후 서울 서초구청 입구에서 인공지능 로봇이 신종  코로나 바이러스 감염증 코로나 예방을 위해 청사 출입자들의 체온을 측정하고 있다  높이가 약   정도인  로봇은 적외선 카메라와 안면인식 기능을  ,1
218, 언택트  수혜주   주가는 왜 안 오를까,0,올해는  코로나  이후  언택트 비대면 가 새로운 테마로 떠오르면서 언택트의 기반이 되는  올해는 특히  코로나  팬데믹으로 인해 글로벌 통신사들의 투자규모가 위축된 영향이 컸다  기대감은  ,1
219,이상직  민주당 전북도당위원장 합의추대에 공감,1,이상직 의원은  코로나  등으로 국난 극복이 최대 이슈가 된 상황에서 경선보다는 합의 추대를 통한 선출방식이 좋겠다는 의견에 뜻을 같이했다 고 말했다  민주당 도당 위원장직에는 전주을 이상직 의원과 전주병  ,1
220,조봉환  시장 방문객 많이 늘어나 모바일상품권 장보기,0,조 이사장은  전국의 전통시장이  코로나 로 매우 힘든 시기를 보냈는데  월부터 최근까지 전통시장  여곳을 돌아보니 실제로 방문객들이 많이 늘어난 모습이었다 며  앞으로 대한민국 동행세일과 같은 공동 마케팅  ,1
221, 발열체크도 스마트하게 ,0, 일 오후 서울 서초구청 입구에서 인공지능 로봇이 신종  코로나 바이러스 감염증 코로나 예방을 위해 청사 출입자들의 체온을 측정하고 있다  높이가 약   정도인  로봇은 적외선 카메라와 안면인식 기능을  ,1
222,화성도시공사  실내 외 공공시설 개방운영 중단,0,공공시설을  코로나 의 수도권 집단 발생에 따라 오는  월  일까지 운영을 일시 중단하기로 했다  금번  이용중단 기간은 향후  코로나  상황에 따라 연장될 수 있으며  재개장 일정은 관련 부처 지침 및 지자체 지역 감염  ,1
223,인천 개척 교회 관련 확진자  명 등  명 추가 감염,0,인천시는 미추홀구 거주자인  살   씨와 연수구에 사는 목사  살   씨가  코로나    확진 판정을 받았다고 밝혔습니다    씨는 개척교회 집단 감염으로 양성 판정을 받은 미추홀구 목사와 지난달  일부터 세 차례 같이  ,1
224,라파스  에이비온과  코로나   백신 개발 착수,0,라파스가 에이비온과 손잡고   마이크로어레이 패치로 신종  코로나 바이러스 감염증 코로나  백신 개발에 나선다  라파스는 패치 형태로 개발하는  코로나  백신으로 올해 안에 전임상에 진입할 계획이다   일  ,1
225, 평창  여름에 더 시원한 곳   억원대 분양가  평창 엘리엇 아파트 눈길,1, 시간 상담문의가 가능하며  신종 코로나 바이러스 감염증 코로나  확산 방지를 위해 사전 예약제로 운영되고 있기 때문에 사전 방문 예약은 필수이다  문의사항은 대표번호로 문의하면 자세한 안내를 받을 수 있다 ,1
226,안산시  선제적 방역활동으로 지역사회 확산방지 총력,0, 안산시가 수도권을 중심으로  코로나 집단 감염이 산발적으로 발생하고 있는 가운데 모든 행정력을  내  코로나  방역부스 를 별도 설치해 방역 및 생활 수칙에 대한 홍보 현수막을 게시하고 마스크 등 방역물품을  ,1
227,  김해에 제 데이터센터 건립한다,0, 은 자체 보유한 통합 클라우드 서비스  의 사업 확대와 함께  포스트  코로나  시대로 본격화된 디지털 전환으로 클라우드 수요 급증이 예상됨에 따라  의 데이터 수용 능력을 넘어선 새로운  데이터  ,1
228,안성시   코로나  추경  억 원 예산 긴급 편성,0,안성시청 전경  안성시는  코로나 로 피해를 입은 소상공인들의 경영 안정을 위해 긴급 생활안정자금을 지급위해  코로나  추경을 통해  억 원의 예산을 긴급 편성했다  시에 따르면  년  월 대비  년  월  ,1
229,일본 전범기업 자산 현금화 본격화 한일관계 우려 커져,0,특히 요즘에는 한일 양국이 모두 신종  코로나 바이러스 감염증 코로나  확산에 대응하느라 강제징용 해법 찾기를 사실상 중단한 분위기다  더구나 최근 일본이 수출규제 조치를 취소하지 않으면서 갈등이 고조되는  ,1
230,오산시 드림스타트   칼림바 익히기  프로그램 실시  ,0,칼림바는 맑고 청아한 소리가 나며 악보집만으로도 손쉽게 익힐 수 있어 요즘  코로나  취미생활로 인기가 많은 악기다  프로그램 운영은 드림스타트 아동과 부모에게 일주일 단위로 연주곡 미션을 주고 악보집의  ,1
231,인천 미추홀구   작은극장돌체  학산소극장 공연 인터넷으로 공개,0, 코로나  여파로 무관중으로 진행된 올해 첫 공연은 작은극장돌체의  최용민의 재즈스토리 와 학산소극장의  김정식 미추홀구청장은  코로나  상황이 빨리 끝나 문화예술 공연을 직접 관람할 수 있는 날이 곧 오길  ,1
232,창업진흥원   스타트업 이슈 트렌드 매주 카드뉴스로 제공,0,스타트업 주간 이슈 리포트는  코로나  등 급변하는 스타트업 생태계를 주기적으로 모니터링해 적시성  트렌드 와  포스트  코로나  시대 국내외 스타트업 정책  등 다양한 주제를 기획해 선보일 예정이다  이순배  ,1
233,보청기  구입보다 사후관리가 더 중요,0,스타키라이프에서는 신제품 보청기  착용시 전혀 보이지 않는 초소형 고막형 보청기  인공지능 보청기를 일 무료체험 할 수 있는 기회를 제공하고 있으며  코로나 로 어려운 시기 함께 극복하고자 한쪽 구입 시   양쪽  ,1
234, 더벨 저축은행  중기 리테일 가파른 성장,1, 코로나  사태 속에서 빠르게 몸집을 키웠지만 건전성 지표는 되레 개선될 만큼 우량해졌다는 평가다  여기에  코로나  사태 여파로 캐피탈사에서 대출이 어려워진 중기 고객들이 저축은행으로 발길을  ,1
235,재고 면세품 팔아도 깜깜 면세점업계 유급휴직 확산,0,면세점업계가  코로나  여파에 유급휴직을 확대하고 있다   코로나  장기화로 매출이 회복될 기미를 보이지 않는 만큼 인건비 절감에 나선 것으로 분석된다   일 업계에 따르면 신라면세점은 이달 중순부터 서울 본점  ,1
236,오산시환경보전시민위원단 오산남부장애인주간보호센터  장애인 복지 증진 위 ,0,박미순 회장은  코로나 로 온 국민이 어려움을 겪고 있는 시기에 역설적이게도 멍들은 지구는 되살아나고 생물은 더욱 활기차게 생동하고 있다 며   더 이상 지구가 인간의 전유물이 아니라는 것을 인식하고 환경을  ,1
237,오산시  오산지역화폐  한국의 가장 사랑받는 브랜드 대상  수상  ,1,곽상욱 오산시장은  코로나 로 침체된 지역경제 활성화를 위해 지역 내 소비를 촉진하고 소상공인 및 영세 자영업자에게 활력을 불어 넣는 계기가 됐으면 한다 며   이번 대상 수상을 계기로 앞으로도 더 사랑받는  ,1
238,서울시  포스트  코로나  이끌 바이오 언택트 유망기업 글로벌 세일즈,0,서울시는  일 온라인 국제회의   글로벌 서밋  에서  포스트  코로나  시대를 이끌 서울의 유망   포스트  코로나  시대 새로운 산업 모델이 될 우리 기업의 잠재력을 확인할 수 있을 것으로 기대했다  ,1
239,오산사회적경제협의회   코로나  취약계층 물품 지원나서,0,오산사회적경제협의회가  코로나  취약계층에게 물품 지원 협약을 체결하고 기념촬영을 하고 있다   오산사회적경제협의회 회장 이규희 가  코로나 로 어려움을 겪고 있는 지역 취약계층 지원을 위해 오산시  개동  ,1
240, 군위 자두빵   순천만 갈대 업싸이클   로컬 크리에이터  됐다,0,신종  코로나  바이러스 감염증 코로나 로 지역 간 이동마저 자유롭지 않아 경제적으로 더욱 어려운 요즘 그동안 지역의 특성을 살려 곳곳에 숨어 있는 아름다운 자연과 문화를 상품화해 주목을 받았던 지역 창업자들이  ,1
241,심상정  슈퍼여당 독주는 독배 협력정치 해야 해 ,0,통합당을 향해서는  코로나  재난의 엄중한 시기에 나치와 독재를 운운하며 또 보이콧 카드를 만지작거리는 것은 국민의 바람과 거꾸로 가는 것 이라고 지적했다  아울러  보이콧이  대에도 반복된다면 통합당은 국민에게  ,1
242,이천시  순번대기 로비 확장으로 시민호응 커,0,특히  더워지는 날씨와  코로나 의 확산에 따른 생활 속 거리두기의 일환으로 민원인의 접촉을 최소화하고   여가지의 다양한 화초와 녹색식물이 가득하여 종합민원실을 찾는 시민들의 심미적인 안정감까지 주고 있다  ,1
243,이천라이온스클럽  사랑의 국수 마스크 전달,1, 코로나    확산 방지를 위해 경제적으로 어려움을 겪고 있는 취약계층에게 도움이 되길 바란다 고 말했다  이춘석 창전동장은  코로나   로 기부 활동이 위축되고 있는 상황에 관내 어르신과 취약계층이 건강하게 지낼  ,1
244,포카리스웨트   스웨트 온  온라인 캠페인 활발,0, 코로나 의 영향으로 언택트가 일상으로 자리잡은 가운데 최근 언택트를 넘어  온택트  마케팅이  김정희 동아오츠카  스웨트 온  캠페인 담당자는  코로나 로 인해 집콕을 할 수 밖에 없는 상황에서  ,1
245,일본 전범기업 자산 현금화 본격화 한일관계 우려 커져,0,특히 요즘에는 한일 양국이 모두 신종  코로나 바이러스 감염증 코로나  확산에 대응하느라 강제징용 해법 찾기를 사실상 중단한 분위기다  더구나 최근 일본이 수출규제 조치를 취소하지 않으면서 갈등이 고조되는  ,1
246,창업진흥원   스타트업 이슈 트렌드 매주 카드뉴스로 제공,0,스타트업 주간 이슈 리포트는  코로나  등 급변하는 스타트업 생태계를 주기적으로 모니터링해 적시성  트렌드 와  포스트  코로나  시대 국내외 스타트업 정책  등 다양한 주제를 기획해 선보일 예정이다  이순배  ,1
247,포카리스웨트   스웨트 온  온라인 캠페인 활발,0, 코로나 의 영향으로 언택트가 일상으로 자리잡은 가운데 최근 언택트를 넘어  온택트  마케팅이  김정희 동아오츠카  스웨트 온  캠페인 담당자는  코로나 로 인해 집콕을 할 수 밖에 없는 상황에서  ,1
248,재고 면세품 팔아도 깜깜 면세점업계 유급휴직 확산,0,면세점업계가  코로나  여파에 유급휴직을 확대하고 있다   코로나  장기화로 매출이 회복될 기미를 보이지 않는 만큼 인건비 절감에 나선 것으로 분석된다   일 업계에 따르면 신라면세점은 이달 중순부터 서울 본점  ,1
249, 내포 충남도  마스크 하루  만장 생산 공장 유치,0,양 지사는  코로나  인해 지금도 마스크 수급이 원활하지는 않지만  톱텍에서 본격적으로 마스크 생산이 시작되면 도내 안정적인 마스크 수급에도 많은 도움이 되고  공적마스크 외에 충남도 자체 비축물량  만장  ,1
250,오산시  오산지역화폐  한국의 가장 사랑받는 브랜드 대상  수상  ,1,곽상욱 오산시장은  코로나 로 침체된 지역경제 활성화를 위해 지역 내 소비를 촉진하고 소상공인 및 영세 자영업자에게 활력을 불어 넣는 계기가 됐으면 한다 며   이번 대상 수상을 계기로 앞으로도 더 사랑받는  ,1
251, 더벨 카카오뱅크의  아무도 가보지 않은 길 ,0,언택트 비즈니스로 분류되는 만큼 포스트  코로나  시대에 성장 잠재력이 무궁무진하기도 하다  지점 하나 없이 모바일 플랫폼만으로 금융서비스가 원활히 제공될 수 있음을 입증했다  카카오뱅크가 만들어 놓을  의  ,1
252,충남도  하루  만장 생산 규모 마스크 공장 유치,0,양승조 충남지사는  신종  코로나 바이러스 감염증 코로나 으로 인해 지금도 마스크 수급이 원활하지는 않지만 톱텍에서 본격적으로 마스크 생산이 시작되면 도내 안정적인 마스크 수급에도 많은 도움이 되고  ,1
253, 더벨 은행권  바젤  신용리스크 조기도입 신청  봇물 ,0,당초  년  월로 예정됐지만 최근  코로나  여파로  년 늦췄다  그러나 금융당국은 국내 은행들 중 신용리스크 조기도입을 희망하는 은행들에 한해서 규제 적용을 허용해주기로 했다  최근  코로나  여파로 은행들의  ,1
254,안성시   코로나  추경  억 원 예산 긴급 편성,0,안성시청 전경  안성시는  코로나 로 피해를 입은 소상공인들의 경영 안정을 위해 긴급 생활안정자금을 지급위해  코로나  추경을 통해  억 원의 예산을 긴급 편성했다  시에 따르면  년  월 대비  년  월  ,1
255,인천 미추홀구   작은극장돌체  학산소극장 공연 인터넷으로 공개,0, 코로나  여파로 무관중으로 진행된 올해 첫 공연은 작은극장돌체의  최용민의 재즈스토리 와 학산소극장의  김정식 미추홀구청장은  코로나  상황이 빨리 끝나 문화예술 공연을 직접 관람할 수 있는 날이 곧 오길  ,1
256,개척교회 관련 확진  명 수도권 중심 산발적 감염확산 ,0,인천 개척교회에서 열린 모임과 관련해 파악된  코로나  확진자는 현재까지  명입니다  특히 수도권을  최근 개척교회에서 열렸던 집단부흥회와 관련한  코로나  확진자가 모두  명으로 늘었습니다  어제 방역 당국이  ,1
257,보청기  구입보다 사후관리가 더 중요,0,스타키라이프에서는 신제품 보청기  착용시 전혀 보이지 않는 초소형 고막형 보청기  인공지능 보청기를 일 무료체험 할 수 있는 기회를 제공하고 있으며  코로나 로 어려운 시기 함께 극복하고자 한쪽 구입 시   양쪽  ,1
258,교육부  온라인 공개강좌   개 선도대학 개 신규강좌 선정,1, 코로나 의 확산을 막기 위해 원격수업이 활성화하면서 올해  월 수강신청 건수는  만  건  회원  특히 올해는  코로나  상황을 반영해 서울대와 고려대 등에서 신종 바이러스 이해  건강보건 증진  전염병 대응  ,1
259,화성도시공사  실내 외 공공시설 개방운영 중단,0,공공시설을  코로나 의 수도권 집단 발생에 따라 오는  월  일까지 운영을 일시 중단하기로 했다  금번  이용중단 기간은 향후  코로나  상황에 따라 연장될 수 있으며  재개장 일정은 관련 부처 지침 및 지자체 지역 감염  ,1
260,라파스  에이비온과  코로나   백신 개발 착수,0,라파스가 에이비온과 손잡고   마이크로어레이 패치로 신종  코로나 바이러스 감염증 코로나  백신 개발에 나선다  라파스는 패치 형태로 개발하는  코로나  백신으로 올해 안에 전임상에 진입할 계획이다   일  ,1
261,안산시  선제적 방역활동으로 지역사회 확산방지 총력,0, 안산시가 수도권을 중심으로  코로나 집단 감염이 산발적으로 발생하고 있는 가운데 모든 행정력을  내  코로나  방역부스 를 별도 설치해 방역 및 생활 수칙에 대한 홍보 현수막을 게시하고 마스크 등 방역물품을  ,1
262, 삐빅  이마에 대니  도 지금 댄 건  스마트폰 입니다,1,신종  코로나 바이러스 감염증 코로나  확산으로 체온 측정의 중요성이 대두한 시대상 반영이자  또 하나의 새로운 기술을 탑재했다는 점에서  분야에 관심 있는 누리꾼들의 시선도 쏠린다  다만  이 스마트폰의  ,1
263,복지부서 질본 승격시킨다더니 손발 잘라내 거꾸로 가는 질병관리청  국민청 ,0, 세종 뉴스핌  윤창빈 기자   정은경 질병관리본부장이  일 오후 세종시 정부세종청사에서 신종  코로나 바이러스 국내 발생현황 브리핑을 하고 있다      이어  복지부는 복수차관 도입과 함께 보건의료  ,1
264,사회연대은행 모간   코로나  소상공인 온라인 판로개척에 협력,1,사회연대은행은  모간과 함께  코로나  사태로 어려움을 겪고 있는 소상공인들을 지원하기 위해 온라인   코로나 로 인한 소비 위축 및 비대면 소비 등으로 소비시장의 판도가 변화되면서 특히 영세소상공인들이 힘든  ,1
265,올 여름 첫 폭염 특보 대구 경산 최고   예보,1,이런 더위가 더 힘든 건  코로나  때문입니다  특히 경로당 같은 무더위쉼터도 운영하지 않아 홀몸  적어도  시간에 한 번은 환기해야  코로나 는 물론이고  호흡기 질환을 막을 수 있습니다  지금까지 대구 동성로에서  ,1
266,포스코갤러리  제  회 포항미술협회 정기전 개최,0,이번 정기전을 통해  코로나  사태로 지쳐있는 마음을 위로할 편안하고 감성적인 작품들을 감상할 수 있다  또한 회화  서예  조소 등 전 장르에 걸쳐 개성 넘치는 작품들도 다수 있어 지역 미술문화의 현 주소를 가늠하는  ,1
267,국내 최대 규모  웨비나      주간 열려,0,매년 대형  컨퍼런스를 개최해온 마이다스인은  코로나  감염 방지와 올바른   문화 확산을 위해 올해는  포스트  코로나  시대 채용 브랜드 전략  언택트 채용 후기 등을 공유한다  마이다스인은  영화평론가가  ,1
268,면세점 재고품 호황 판매기간 연장 고려 ,0,이번 재고 면세품의 국내 판매는  코로나 로 심대한 타격을 입은 면세업계를 위한 관세청의 결정에 따른 것이다  면세업체들은 올  월부터 확산된  코로나  여파로 지난  분기에 대규모 적자를 기록했다   분기에는 상황이  ,1
269,롯데 프리미엄 아울렛 이천점  중고 리퍼브 전문샵  올랜드  오픈,1,실제로   코로나 의 영향으로 오프라인 시장이 침체에 빠진 지난  월에도  프라이스 홀릭 과  리씽크  매장은 한달 평균  억 이상의 매출을 기록했으며  이러한 매출 수치는 백화점 내 유명 브랜드 수준과 비슷한  ,1
270, 캐피탈  한국 과  월 쉐보레 콤보 할부 프로그램 시행,0, 선수금  만원 기준  아울러  쉐보레는  월에 이어  월에도  코로나 로 인한 어려움 속에서도 수고하고 있는 이들을 격려하기 위해  우리들의 히어로 여러분을 쉐보레가 응원합니다          ,1
271,  국가대표 배출의 산실      코리아투어가 돌아온다,0,당초  올해  월 개최 예정이었던 코리아투어는  월로 한 차례 일정을 연기했고  최근  코로나  확진자가 늘어나며  월 개최 일정 역시 연기했다  중  고등학생들이 참여하는 오픈대회를 병행해야 하는 코리아투어  ,1
272,김여정 경고에  대화 신호다 반색하는 김홍걸,0,그는  지금 북측은  코로나 신종  코로나 바이러스 감염증  위기로 어렵던 나라 사정이 심각한 수준으로 악화하고 있다 며  그럼에도  자존심과 체면을 지켜야 하기에 노골적으로 남측에 교류 재개를 제안할 수도 없다 고  ,1
273,군산시   코로나  극복 위한 따뜻한 마음 전달,1,전북 군산서해라이온스클럽 회장 김유성 과  참빛솔라에너지 대표이사 김용우 가  일  코로나 로 인해  이번 기탁식에 참석한 서해라이온스클럽 김유성 회장은  코로나 로 어려움을 겪고 있을 취약계층에게  ,1
274,옥천군  경제 살리는  향수  카드  출시,1,군은 당초 하반기에 출시하려고 했으나 군 재난지원금을 향수 카드로 지급하는 방침에 맞춰  코로나  김재종 옥천군수는  지역자금의 역외 유출을 방지하고 관내 소비촉진을 통해  코로나 로 인해 침체된  ,1
275,  김해에  억원 들여 제 데이터센터   건립한다,0, 은 자체 보유한 통합 클라우드 서비스  의 사업 확대와 더불어  포스트  코로나  시대로 본격화된 디지털 전환으로 클라우드 수요 급증이 예상됨에 따라  의 데이터 수용 능력을 넘어선 새로운  데이터  ,1
276,비대면 단절 고립이 투자 화두 디지털 간편식  집콕  눈길,0, 코로나 로 인한 장기 고립 경제 시대가 왔다  디지털  간편식 등 집콕 관련 주식과 함께 비대면 콘텐츠 산업  로봇  물류 산업주가 떠오르고 있다   코로나  완전 종식 전에는 비대면 단절 고립이 화두가 될 전망이다  전  ,1
277,캐나다유학후이민  자녀무상교육 한 자리에서 알아볼 수 있는  월 세미나 개최,1,세미나 참가비는 무료이며  최근 다시 번진  코로나  사태를 대비하여 이번 세미나는 소수정원으로 진행되며  참석자 전원 마스크 착용 및 체온검사가 이루어질 예정이다  세미나 참석 및 자세한 사항은 우리에듀케이션  ,1
278,김용범 차관  경상수지   월 이후엔 흑자기조 이어갈 것 ,0,김 차관은 아울러  신종  코로나 바이러스 감염증 코로나 으로 인한 세계 경제 부진과 이에 따른 수출 부진도 영향을 미쳤다 면서  통상 상품수지가 흑자를 기록하며 소득수지 적자 폭을 메웠지만 올  월은 무역수지  ,1
279,김광호 광주본부세관장  호국 보훈의 달 맞아 현충탑 참배,0,후세들이 오늘의 평화로운 삶을 살고 있다 며  현재   코로나 로 어려운 경제 여건에 있지만 수출입 통관 등 관세행정을 집중 지원하여 위기를 극복하는데 함께 전력을 다 하겠다 고 말했다  허광욱 글로벌이코노믹 기자,1
280,신동빈 롯데 회장  롯데칠성음료 안성 공장 방문 디지털 전환 가속화해야 ,0,신동빈 롯데 회장이 포스트  코로나  시대를 대비해 디지털 전환을 가속화할 것을 다짐했다  롯데 신동빈  신동빈 회장은  코로나 의 영향으로 디지털 전환은 더욱 가속화되고 그 범위도 확대될 것으로 예상된다 며  ,1
281,   천억 투입해 경남 김해에 제 데이터센터 건립,0, 은 자체 보유한 통합 클라우드 서비스  의 사업 확대와 더불어 포스트  코로나  시대로 본격화된 디지털 전환으로 클라우드 수요 급증이 예상됨에 따라  의 데이터 수용 능력을 넘어선 새로운  데이터  ,1
282,신동빈 회장  롯데칠성음료 안성  스마트 팩토리  현장 정검,0,신동빈 회장은  코로나 의 영향으로 디지털 전환은 더욱 가속화되고 그 범위도 확대될 것으로 예상된다 며   안성 스마트 팩토리는 올해 주요 시스템 구축이 완료된 만큼 포스트  코로나 에 빠르고 적절하게 대응하는  ,1
283,서울시   자영업자 생존자금  지급 시작 차  명 선정,1, 사진 연합뉴스 서울시가  일  코로나  사태  대응 차원의 자영업자 생존자금 지급을 시작했다   일 서울시에 따르면  만명을 대상으로 자영업자 생존자금 자격심사를 진행했고   차 지급대상으로  명이  ,1
284, 원 클릭 시사  인센티브의 역설,0,대표적인 기업이 요즘  코로나  펜데믹 사태로 가장 핫한 기업이 된 넷플릭스다  이 회사는 일체 보너스 없이 최고의 연봉을 보장하며 직원들을 대우함으로써 꾸준히 양질의 직원들을 확보하고 있다고 한다 ,1
285,전기자전거   코로나 로 턴어라운드 할까,0,이제 대다수 사람들은  코로나  시대의 새로운 단계에 접어들고 있다  바로 적응하는 것이다  우리는  많은 사람들에게 인기를 얻다 보니 요즘 전기자전거 사기가  코로나  초기에 손 세정제 한 병 사기만큼 어려워진  ,1
286,온라인 쇼핑 급증에 택배 봉투 골치  친환경 바람 불까 ,0,국내 온라인 쇼핑 시장에  코로나 라는 이슈가 더해지자 업계가 호황을 누리고 있다  통계청이  일 발표한  전문가들은  코로나 와는 별개로 불필요한 접촉 없이 필요한 상품과 서비스를 이용할 수 있는 언택트 비대면  ,1
287,   코로나  연구 돕는 슈퍼컴퓨터 구성 지원,0, 코로나  연구에 쓰일   프로세서 기반 고성능 컴퓨팅 시스템을 제공한다고 밝혔다  이번 시스템 제공은  가 조성한     펀드를 통해 진행된다  이 펀드는 컴퓨팅 자원 제공을 통해 연구기관들의  코로나  및  ,1
288,정읍시   코로나  극복 청년 긴급 지원사업 추진,1,전북 정읍시는 신종  코로나 바이러스 감염증 코로나 으로 경제적 어려움을 겪고 있는 청년들을 위해  청년 긴급 지원사업 을 추진한다고  일 밝혔다  시는 사업비  억원을 투입해 청년실직자  명에게 생활안정을 위한  ,1
289,데뷔전 승리한  맞짱의 신 준우승  신윤서  좋은 환경 경기 영광 플라잉 ,1, 코로나  때문에 시합 못 할까 봐 걱정을 많이 했었는데 좋은 환경에서 시합하게 될 줄 몰랐다     김대환 대표님 정문홍 전 대표님께 감사드린다 이번 경기는 사실 마음에 드는 경기가 아니었기 때문에 마음에 들  ,1
290,스포츠토토 공식 페이스북   슬기로운 집관생활  이벤트 실시,0,아울러 신종  코로나 바이러스 감염증 코로나 의 확산으로 인해 팬들과 함께 랜선 응원을 펼치고 있는  리그와  리그 각 구단에 대한 이야기 및 불법 스포츠도박 근절 내용도 동영상에서 함께 확인할 수 있다  이벤트에  ,1
291,애플의 비대면 라이프 혼자서도 잘 한다   세상,1, 코로나  정국에 있어서 당연한 조치였지만  아주 생경한 시간이었다  다소 흥분되는 순간이기도 했다  세상은 다시 한번 급변하고 있는 것이다  애플에서 실시하는 제품 브리핑은 대략 두세 가지 형식으로 진행되어  ,1
292,소원영어  특허 기술력으로 벤처기업인증,1,신종  코로나 바이러스감염증 코로나  장기화로 언택트  비대면 교육 디지털화에 대한 관심이 뜨겁다  이에 발맞춰 온라인 교육의 새로운 패러다임인 교육과 기술이 결합한 에듀테크 시장이 주목 받고 있다  ,1
293, 생물다양성 주제로  제 회 환경의 날 기념식 개최,1,표창은  코로나   관련 전담병원의 의료폐기물을 안정적으로 처리한 빛고을전남대병원 팀장 등  명에게 수여된다  류연기 영산강유역환경청장은  환경부는  코로나  발생 이후 대규모 감염병  기후변화 등 외부 충격에  ,1
294, 병동 안에서 폴킴 응원 ,1, 일 오후 서울 중랑구 서울의료원에서 열린  서울의료원 잠시멈춤 콘서트 에서 신종  코로나 바이러스 감염증 코로나  환자 진료를 위해 수고해 온 의료진들이 가수 폴 킴의 공연을 보고 있다   뉴스 ,1
295,여름이 온다 연예계 다이어트 열풍 단마토 쌈사먹기,0, 코로나  장기화 여파로  확찐자 살이 확 찐 사람 라는 신조어까지 생겨나면서  살과의 전쟁을 공개 선언하는 이들이 늘고 있다  다이어트는  년   관심사지만  최근 요요 현상 없는 다이어트에 성공  새 인생을 사는  ,1
296, 포스트  코로나  시대  언택트 넘어  딥택트  지향해야 ,0,이번 경영콘서트에서 김경준 딜로이트 컨설팅 부회장은  코로나  이후 언택트 시대  우리의 미래는 이라는 주제로 영상 강연을 한다  김 부회장은  코로나 는 서적 전화 등으로 정보를 교환하는 아날로그 세계에서  ,1
297,창문 너머로 폴킴 공연보는 의료진들,0, 일 오후 서울 중랑구 서울의료원에서 열린  서울의료원 잠시멈춤 콘서트 에서 신종  코로나 바이러스 감염증 코로나  환자 진료를 위해 수고해 온 의료진들이 가수 폴 킴의 공연을 보고 있다   뉴스 ,1
298,한국핀테크지원센터    핀테크 리더스 아카데미 진행,1,다만  월에는  코로나  확산 방지 차원에서 비대면 실시간 온라인 강의로 전환해 진행된다  핀테크 리더스 아카데미는 금융위원회의  핀테크 지원사업  중 하나로  직장인 등 일반인이 수강 대상이다  교육은 매주  ,1
299,부산구치소   코로나  극복 수용생활 안정 프로그램 시행,0,부산구치소는  월부터  코로나  사태로 지친 수용자들의 심적 안정을 위해 다양한 교화 프로그램을  사랑의  효  편지쓰기는 사회와 단절되고  코로나 로 인해 접견이 제한된 수용자들이 부모님께 드리는 사랑의 안부를  ,1
300,버드와이저  뮤지션   크루와 온택트 공연    개최,1,버드와이저 브랜드 매니저는  코로나   로 인한 집콕 생활에 지친 소비자들을 위해 실력파 뮤지션   크루의 온택트 라이브 퍼포먼스를 마련했다 며  앞으로도 버드와이저는  버드엑스비츠 를 통해 실력  ,1
301,의료폐기물 처리도  방역 시대,0,   코로나  의료 폐기물 처리 모습 사진 포천시제공  신종  코로나 바이러스 감염증 코로나  여파 속에서 우리나라의 의료폐기물 처리 체계가 해외에서 배워야 할 노하우로 손꼽히고 있다  의료폐기물을 제대로  ,1
302,  코스모신소재   차전지 수혜주  올해 흑자 전환 기대에 강세,0,김 연구원은   소재의 매출 본격화가 전사 실적 성장을 이끌 것 이라며  중국 정부 역시  코로나 로 인해 침체된 경기를 회복시키기 위해 전기차 보조금 기간을 연장하는 방안을 발표하는 등 대외 환경도  ,1
303,국제콘텐츠마켓   온라인 비즈니스 상담회 연다,1,서울산업진흥원은  코로나  확산으로 위축된 국내 콘텐츠 산업의 해외마케팅 활성화를 위해 국제콘텐츠마켓        을 온라인 비즈니스 상담회로 전환 개최한다고  일 밝혔다 코로나 로 인하여  ,1
304,서일대  외국인유학생 대상 비대면 범죄예방교실 실시,1,교육은  코로나 로 인하여 온라인 비대면 교육 진행됐으며  중랑경찰서 외사계 한수연 경사의 도움을 받아  관련   코로나  감염예방에 관한 사항도 교육내용에 포함됐다  특히  외국인유학생들이 문제에 직면하였을 때  ,1
305,하남시   개교에  학교방역 안전지킴이   명 배치,0,따른  코로나  확산 방지를 위해 지난  일 시청 대회의실에서 광주하남교육지원청과 함께  학교방역 안전지킴이   명의 사전 교육을 실시하고 유치원 및 학교에 배치했다고  일 밝혔다  시는  코로나 에 대응해 학교  ,1
306, 유플러스   글라스 올  분기 세계 최초 출시 로 콘텐츠 제공,0, 유플러스는  코로나 로 인한 언택트 시대에 맞춰 엔리얼과 함께  글래스 온라인 앱  개발 세미나를 개최한다   일 오전  시  분부터 한 시간 동안 올쇼 를 통해 실시간으로 참여할 수 있으며 해당  ,1
307,오시스코리아   한국 소비자 만족지수  위  수상한  비접촉 체온계  기간한정 ,1, 코로나  사태의 확산과 함께 체온계는 방역의 최전선에서 널리 활용되고 있다  아이들의 개학이 연기되는 상황 속에서 각 교육기관은 등교를 대비해 다양한 대책을 세우고 있다  우리나라뿐만 아니라 해외에서도  코로나  ,1
308,셀트리온  유럽류마티스학회서 램시마   년 임상 영향 평가 발표,0, 는  일 독일 프랑크푸르트에서 열릴 예정이었지만  코로나 로 인해 온라인으로 진행됐다  셀트리온은  에서  년간 진행된 램시마  임상을 토대로 면역원성과 체질량 지수 에 대한 영향 평가를 진행한  ,1
309,셀트리온  램시마   와 효능 면역원성 동일 입증 ,0,예정이었으나  코로나 로 인해 온라인으로진행됐다  이번에 발표한 임상 연구결과 자료는 학회 홈페이지를 통해 공개됐다  셀트리온은 이번 임상에서  형이나  형 등 제형에 따른 면역원성에는 차이가 없으며  ,1
310,양산시   마스크 생산  업종전환 기업 적극 지원,0,경남 양산시는 신종  코로나 바이러스 감염증 코로나  사태에 따른 전 세계  방역산업의 우수성을 바탕으로 마스크 제조산업으로의 업종전환 지원에 적극적으로 나서고 있다고  일 밝혔다  시는 최근  코로나 로 자동차와  ,1
311, 이슈 박봄만 화제 잊혀진 영화와 배우들 대종상  존재감의 주객전도 종 ,0,더욱이 이번 영화제는  코로나  확산 방지를 위해 무관중으로 진행돼 축제여야 할 시상식에는 적막이 감돌았다  영화와 배우  시상식에 대한 모든 존재감은 사라지고 오로지 박봄 이슈만 남은 대종상 영화제  국내 가장  ,1
312, 이번엔 다단계 집단 감염  리치웨이 서울 확진자만  명,0,건강용품판매 다단계 홍보관 리치웨이 관련  코로나  확진자가 무더기로 나오고 있다  주로 노인들을 상대로 하는 홍보관은 밀폐된 공간에 있기 때문에 집단감염 가능성이 높은 것으로 전해진다 앞서 이태원 클럽  ,1
313,의왕시  요양보호사 양성과정 교육생 모집,0,홍석일 일자리과장은  이번 교육이  코로나 와 생애전환기로 취업에 어려움을 겪고 있는 중장년세대가 요양보호사로 새롭게 출발할 수 있는 디딤돌 역할을 해 줄 수 있을 것으로 기대한다 며   시에서는 교육생들이  ,1
314,   그룹과 함께  코로나  의료진  명에 핫크리스피치킨 전달,1,글로벌 치킨 전문 브랜드  가 모기업  그룹과 함께  코로나 로 인해 전국 각지에서 고군분투 중인 의료진들을 위해   시그니처 메뉴인 핫크리스피치킨 등 간식을 지원했다   는 계속되는  코로나 의 확산으로  ,1
315,내우외환 철강업계   코로나  우려  철의 날  기념식 취소,0, 스카이데일리 국내 철강업계에서 가장 큰 행사인  철의 날  기념식이 신종  코로나 바이러스 감염증 코로나  재확산 우려로 부득이하게 취소됐다  철의 날 기념행사가 취소된 것은  년 만에 처음이다   일  ,1
316, 맥주의 계절  여름 왔지만 웃지 못하는 아세안 맥주업계,1,게다가 코로나 로 집 안에 머무는 사람이 늘어나자 술 판매도 함께 줄었다  필피핀 전체 주류 소비량의   태국은  코로나 로 정부와 맥주업계가 한바탕 갈등을 빚었다  정부는 지난  월 술자리로 사회적 활동이  ,1
317,신동빈  포스트  코로나  강조  이번 위기만 잘 넘기자는 안이한 생각 안돼 ,0, 뉴시스  신동빈 롯데그룹 회장이 연일  포스트  코로나  대응을 강조하고 있다  지난  일 신 회장은 경기 안성  이 자리에서 신 회장은  스마트 팩토리는 올해 주요 시스템 구축이 완료된 만큼 포스트  코로나 에 빠르고  ,1
318, 월 경상수지  개월만에 최대 적자,0,최근  코로나  때문에 해외여행을 떠나는 내국인들이 줄면서 서비스수지가 최근 개선되는 흐름을 보여왔었지만   월엔 주요  기업의 상표권 및 특허권 사용료 수취분이 줄면서 지식재산권사용료수지가 적자  ,1
319,경산시  등기로 받은 입원치료통지서로 생활지원비 신청하세요 ,1,경산시는  코로나  완치자들이 병원 및 생활치료센터 퇴원 퇴소 후 직접 보건소에 방문해 발급받아야 하는 입원치료통지서를 등기우편으로 발송하고 있다  병원이나 생활치료센터에서 완치 후 격리해제가 된  코로나  ,1
320,글로벌   코로나  방콕족을 위한  내몸을 위한  분  편성,0,교육전문방송채널인 글로벌 는  코로나  사태로 집에서 생활하는 방콕족을 위해 새로운 필라테스 프로그램을 제공하고 있다  글로벌 는  월부터 입시컨설팅  수학문제풀이  쉬운 경제이야기 등 다양한  ,1
321,의왕시 보건소  집단감염 발생대비 대응훈련 교육실시,0,이날 교육은 최근  코로나 의 수도권 지역확산과 학생들의 개학으로 대량 환자발생 대응을 위한 단계별 사전 예방교육의 일환으로  코로나 로부터의 철저한 방역과 검사환자 대응방법 및 방역수칙 사항  검사방법  실제  ,1
322,한국  코로나  의료폐기물 처리 대응방안  세계에 알린다,0,실무자들이  코로나 와 관련한 한국의 의료폐기물 관리와 대응에 관한 경험과 지식을 공유한다  이번 세미나는 유엔개발계획측의 요청으로 마련되었으며   더 나은 환경 재건   코로나  대응 한국 및 기타국가의  ,1
323,쌍치면 백은장학회 대학신입생에게 장학금 전달,1,특히 올해  코로나    팬데믹 위기 극복을 위해 신청자 전원에게 소정의 장학금을 전달했다 설동일 이사장은 이번 장학금을 전달하면서  코로나    감염병 확산으로 국가적 재난상황을 함께 이겨 내고자 기탁자의  ,1
324,호국보훈의 달   년째 감사의 마음 전한 한성대,1, 년 처음 시작해 올해  년째 호국 보훈행사를 꾸준히 개최하고 있는 한성대학교는  코로나 로 국가행사조차 취소하거나 축소하는 가운데 예년보다는 간소하지만 대학에서는 유일하게 매년 행사를 열어 나라사랑의  ,1
325,신한카드  딥원스카드  활용한 새 광고 론칭,0,올  월에 출시된 딥원스카드는 구독 경제에 특화한 상품으로  코로나  등의 영향으로 사회적 거리 두기를 일상화한 언택트 시대에 더욱 주목 받고 있다  이번 광고에서 신한카드는 매달 비용을 내고 필요한 물건과  ,1
326,종로학원   일  드라이브 스루  대입설명회,0,고등학교 등교가 시작되고 한국교육과정평가원 주관 대학수학능력시험 모의평가가 이달 중순 치러질 예정이어서 그간 신종  코로나 바이러스 감염증 코로나  확산 때문에 미뤄온 설명회를 자동차에서 듣는 방식으로  ,1
327,북한  친중국 외교 박차 노골적인  중국 편들기 ,0,더욱이 올해는 신종  코로나 바이러스 감염증 코로나  사태로 북한 내 경제난이 가중되면서 중국의 후원이 절실한 필요한 북한이 발빠르게 친중국 외교의지를 내비쳤다는 분석이다  북미 협상은 난항을 겪고 있는데다  ,1
328,대한야구소프트볼협회  김진용 전문의  코로나  자문위원 위촉,0,대한야구소프트볼협회가 시즌 개막을 앞두고  일 차의과학대학교 통합의학대학원 김진용 원장 내과 전문의 을 신종  코로나 바이러스 감염증 코로나  대응 자문위원으로 위촉했다   ,1
329, 야식남녀   박  일 뒤풀이 논란에 취소 코로나  확산 방지 위해 공식 ,0,이어  그러나 최근 수도권을 중심으로 확산되는  코로나  감염 사태로 인해 외부인 출입이 없는  이에  코로나 의 확산이 지속되고있는 상황에서 대규모의 모임을 한다는 것이 알려지자 비판이 일었다    ,1
330, 코로나  면역력에 원목재배한  장흥표고버섯  탁월,1,신종  코로나  감염증 코로나 의 영향으로 면역력에 대한 관심이 높아지면서 면역력 증진에 큰 도움을 주는 전남 장흥 표고버섯이 주목받고 있다   일 장흥군에 따르면 표고버섯은 본초강목  동의보감 등에서  기를  ,1
331,  경남 김해에 두 번째 데이터센터 건립 지금보다  배 ,1, 은 자체 보유한 통합 클라우드 서비스 토스트 사업 확대와 더불어  포스트  코로나  시대로 본격화된 디지털 전환으로 클라우드 수요 급증이 예상됨에 따라  데이터 수용 능력을 넘어선 새로운  데이터 허브  ,1
332, 유플러스  안경 쓰듯 가볍게 즐기는  글라스  출시,1,   글래스 온라인 앱  개발 세미나도 개최  유플러스는  코로나 로 인한 언택트 시대에 맞춰 엔리얼과 함께  글래스 온라인 앱  개발 세미나를 개최한다   일 오전  시  분부터 올쇼 를 통해 실시간으로  ,1
333, 야식남녀 팀   명 참가  박 일 펜션 뒤풀이 취소  적절치 않다고 판단 ,0,사진 드라마  야식남녀  포스터 드라마  야식남녀  팀이 촬영 뒤풀이 여행으로  박  일 일정을 계획했다가 신종  코로나 바이러스 감염증 코로나  사태로 적절치 않다는 비판이 계속되자 결국 뒤풀이를 취소했다   일  ,1
334,온라인 영어교육 업체 소원영어  벤처기업인증 획득,1,최근 신종  코로나  바이러스 감염증 코로나  장기화로 언택트  비대면 교육에 대한 관심이 뜨거운 가운데 교육과 기술이 결합한 에듀테크 시장이 급부상하고 있다  에듀테크 시장은  년 뒤 전세계 시장규모가  조원을  ,1
335,강동구   차 산업혁명 기술로 주민건강 솔루션 마련,0,차단해  코로나  메르스 등의 각종 감염병에 선제적으로 대응할 수 있다   인공지능   에어샤워 시스템 은  이정훈 강동구청장은  코로나  사태를 통해서도 알 수 있듯이 첨단기술은 공공 산업 생활 전반에 빠른  ,1
336,김홍걸  김여정 경고에  성의 보이면 대화한다는 것 ,0,그는  지금 북측은  코로나 신종  코로나 바이러스 감염증  위기로 어렵던 나라 사정이 심각한 수준으로 악화하고 있다 며  그럼에도  자존심과 체면을 지켜야 하기에 노골적으로 남측에 교류 재개를 제안할 수도 없다 고  ,1
337,  경남 진해에 두번째 데이터센터 짓는다,1, 은 자체 보유한 통합 클라우드 서비스  의 사업 확대와 더불어  포스트  코로나  시대로 본격화된 디지털 전환으로 클라우드 수요 급증이 예상됨에 따라  의 데이터 수용 능력을 넘어선 새로운  ,1
338,  시험인증기관 최초 모바일서비스 시대를 열다,1, 코로나 로 인한 비대면 요구사항에 맞춰  모바일 접수   상담 및 예약 등도 가능해 사회적 거리두기 실천은 물론 방문을 꺼리는 시험인증 수요도 충족한다는 게  의 설명이다   는 이번 서비스 앱에 사용된  ,1
339, 덕분에  수화 자세와 국화꽃 한 송이  서울도서관  꿈새김판 새단장,1,특히 이번 꿈새김판에는 국난극복을 위한 순국선열들의 마음을 되새기고  신종  코로나 바이러스 감염증 코로나  위기 속 우리 사회가 당면한 여러 난제들을 슬기롭게 이겨내자는 의미가 담겨 있다 박진영 시  ,1
340,조길형 시장  내년도 정부예산 확보에 행정력 집중 ,0,조 시장은  일 열린 정책토론 영상회의에서  코로나 로 인해 세수가 줄어들고 복지 분야 지출은  아울러 과수화상병은  코로나  상황에 준하는 자세로 대응해야 한다며  확산 저지를 위한 매몰 등 방역 조치가  ,1
341,안양시    청소년상 수상자  명 선정 발표,0,한편 시상식은 매년  월 네 번째 토요일 개최하기로 한 안양시 청소년의 날 에 할 예정이었으나  올해는  코로나  장기화로 표창장을 각 학교로 전달해 수여토록 할 계획이다 ,1
342,파이터 신윤서    첫 대회 승리 소감 좋은 환경 시합 영광 ,1, 코로나  때문에 시합 못 할까 봐 걱정을 많이 했었는데 좋은 환경에서 시합하게 될 줄 몰랐다     김대환 대표님 정문홍 전 대표님께 감사드린다 이번 경기는 사실 마음에 드는 경기가 아니었기 때문에 마음에 들  ,1
343,단양군   한국의 가장 사랑받는 브랜드 대상   년 연속 선정,1,류한우 군수는  군민의 목소리에 귀 기울이며 관광시장의 다변화와 관광 트랜드에 맞춰 펼친 좋은 정책들이 큰 상으로 이어져 더없이 기쁘고 영예롭다 며  코로나 의 슬기로운 극복과 함께 꿈과 희망이 있는 살기  ,1
344,물류목적 크루즈선  스펙트럼오브더시즈호   일 부산항 입항,0, 코로나  사태 발생 이후 크루즈선의 부산항 입항은 지난  월  퀀텀오브더시즈호  이후  개월 만이다  부산항만공사는 정부와 협의를 통해 특별 검역과  코로나  검사   일간 지정된 시설에서 추가 격리조치를 조건으로  ,1
345,부산시   인 소상공인 고용 산재보험 가입 지원,1,부산시가  코로나 로 특히 어려움을 겪고 있는 영세 소상공인들의 고용 산재보험 가입유지 및 확대를 위해 올해부터 신규로  인 소상공인 고용보험료와 산재보험료를 지원한다   인 소상공인은 고용보험과 산재보험  ,1
346,베트남 식품 의류 인테리어 업종   코로나  안정세 후 회복 조짐,0, 코로나  사회적 격리 완화 이후 유니클로  호점이 호치민시  군에 개장하는 등 베트남에서 식품 의류   사진 유니클로  베트남의 식품 의류 인테리어 업종이  월말부터  코로나 사회적 격리 완화 등  ,1
347,대 중소기업 농어업협력재단  기술보호 온라인 교육 실시,0,김순철 재단 사무총장은  온라인 교육은  코로나 로 인한 사회적 거리두기 차원에서 효율적인 지원이 될 것 이라면서  금년 안에 협력기관을  개 내외로 확대하고 온라인 교육 컨텐츠도 지속적으로 개발해  ,1
348, 야식남녀  제작팀  박 일 펜션 뒷풀이 계획 후 최종 취소 공식 ,0, 코로나  확산을 방지하기 위함이다    월화드라마  야식남녀  관계자는  일    에  야식남녀  그러면서  최근 수도권을 중심으로 확산되는  코로나  감염 사태로 인해 외부인 출입이 없는 장소일지라도  ,1
349,셀트리온  유럽 학회서 램시마  임상 데이터 우수성 재입증,0, 는  월  일부터  일까지 독일 프랑크푸르트에서 열릴 예정이었으나  코로나 로 인해 온라인으로  특히 셀트리온헬스케어는  코로나 로 인해 병원 방문이 어려운 환자들이 집에서 직접 투여가 가능한  ,1
350,김포시  국내 최초 버스 스마트 발열체크기 도입,1,정하영 김포시장은  장기화 되고 있는  코로나 로부터 우리 스스로를 지키기 위해서는 생활 속 방역이 일상화 돼야 한다 며  이번 발열체크기 도입으로 시민들께서 더욱 안심하고 대중교통을 이용하실 수 있을 것  ,1
351,미국인 영화감독이 찍은 독도 영화  아버지의 땅  한국 왔다,0,전주국제영화제는  코로나  여파로 관객과 영화인들의 안전을 최우선에 둔 영화제 라는 형식적 실험을 벌이고 있다  영화제를 치르되 단기 온라인 한시상영과  장기상영으로 변신을 꾀한 것이다  독도 영화  아버지의  ,1
352,하남시  학교방역 안전지킴이   명 배치,0,하남시와 광주하남교육지원청은  코로나  교실감염을 막기 위해  일 시청 대회의실에서  학교방역  학부모가  코로나  감염 걱정을 덜어낼 수 있도록 최선을 다하겠다 고 말했다  하남시는  코로나 에 대응해  ,1
353, 무주반딧불 그란폰도   메디오폰도 대회   일 개최,0,특히  코로나  예방을 위해 별도의 개 폐회식은 하지 않고 발열체크와 방역소독을 추진하는데도 만전을  서종열 문화관광과 체육진흥팀장은  코로나  상황 속에서 대회를 치르게 돼 긴장의 끈을 늦추지 않고  ,1
354,제너시스비비큐   년 상반기 신입 경력 공개 채용,0, 코로나 로 인해 전반적인 고용시장이 침체된 분위기인 가운데 는 지난해 이어 올해도 사회 고용   채용관계자는 는 한국을 대표하는 책임감있는 브랜드로서  코로나 로 침체된 채용 분위기 속에서도  ,1
355,스웨덴 보건당국  너무 많이 죽었다 집단면역 전략실패 인정,1,스웨덴 보건당국 책임자인 안데르스 텡넬 공공보건청장이 신종  코로나 바이러스감염증 코로나 과 관련한 자국의 집단면역전략이 잘못됐음을 인정하는 발언을 해 국제적인 관심을 받고 있다  스웨덴은 앞서 강력한  ,1
356,케이피엠테크  텔콘 제약과   바이오기업  휴머니젠  투자,0,최근 신종 코로나 바이러스 감염증 코로나 치료제 개발로 주목받고 있다  케이피엠테크 관계자는  이번 투자는 모건이 주관하는 공모로 진행됐으며 예정 모집을 초과하는 수요가 몰리는 등 시장에서 성장성을  ,1
357,케이피엠테크  텔콘 제약과   바이오기업  휴머니젠  투자,0,최근 신종 코로나 바이러스 감염증 코로나 치료제 개발로 주목받고 있다  케이피엠테크 관계자는  이번 투자는 모건이 주관하는 공모로 진행됐으며 예정 모집을 초과하는 수요가 몰리는 등 시장에서 성장성을  ,1
358,여수시   코로나  직격탄 문화예술단체에  만 원 지원,0,전남 여수시는  코로나  장기화로 경제적 어려움을 겪고 있는 지역 문화예술단체에  만 원 상당의 여수사랑상품권을 지원한다고 밝혔습니다  지원대상은 고유번호증 또는 사업자 등록증의 소재지가  ,1
359,지역경제 악화 시 정부 선제적 지원 등  활성화 특별법  국회 발의,1,최 의원은  코로나  장기화로 지역경제가 매우 어렵고 이로 인한 대규모 실직 등이 우려되는 상황 이라며  정부는 지역 경제가 악화하기 전에 선제적으로 지원을 확대해야 한다 고 말했다 ,1
360,안양시청 리치웨이 관련 확진자 발생 동안구 범계동 거주  대,1,안양시청이  일 관악 리치웨이 관련 신종  코로나  바이러스 감염증 확진자가 발생했다고 알렸다    사진 안양시청 페이스북  안양시청이  일 관악구 다단계식 건강용품 판매업체 리치웨이 방문자가 신종  코로나  바이러스  ,1
361,오산소방서  봄철 화재예방대책 추진 완료,1,또한 봄철화재 특수시책으로  코로나 로 소방서에서 운영하던 소방안전교육이 중단됨에 따라 온라인 강의를 통해 소방안전교육을 가정집과 사무실에서 쉽게 배우는 기회를 제공하는  소방관이 알려주는 온라인  ,1
362,오전동 지역사회보장협의체 이불세탁 봉사활동 실시,0,등  코로나 로 위생의 중요성이 강조되는 요즘시기에 더 큰 호응을 얻고 있다  박찬덕 위원장은  지역사회보장협의체에서 꾸준히 해오고 있는 이불세탁 서비스사업을 통해 지역의 어르신과 장애인 분들이 집먼지 진드기  ,1
363,스웨덴 보건당국  너무 많이 죽었다 집단면역 전략실패 인정,1,스웨덴 보건당국 책임자인 안데르스 텡넬 공공보건청장이 신종  코로나 바이러스감염증 코로나 과 관련한 자국의 집단면역전략이 잘못됐음을 인정하는 발언을 해 국제적인 관심을 받고 있다  스웨덴은 앞서 강력한  ,1
364,제너시스비비큐   년 상반기 신입 경력 공개 채용,0, 코로나 로 인해 전반적인 고용시장이 침체된 분위기인 가운데 는 지난해 이어 올해도 사회 고용   채용관계자는 는 한국을 대표하는 책임감있는 브랜드로서  코로나 로 침체된 채용 분위기 속에서도  ,1
365,거리두고 앉아 공연보는 서울의료원 의료진들,0, 일 오후 서울 중랑구 서울의료원에서 열린  서울의료원 잠시멈춤 콘서트 에서 신종  코로나 바이러스 감염증 코로나  환자 진료를 위해 수고해 온 의료진들이 가수 폴 킴의 공연을 보고 있다   뉴스 ,1
366,심상정  석 슈퍼여당 독주는 독배 협력정치 해야 ,0,통합당을 향해서는  코로나  재난의 엄중한 시기에 나치와 독재를 운운하며 또 보이콧 카드를 만지작거리는 것은 국민의 바람과 거꾸로 가는 것 이라며  보이콧이  대에도 반복된다면 통합당은 국민에게 만성 비염과 같은  ,1
367,조달청  전북서 혁신조달 통한  코로나  경제위기 극복 행보 박차,1,정무경 조달청장은  일 전주시 완산구 전주 상공회의소에서 전북지역 수요기관과 조달업체 및 관계 협회 대표들을 초청해 간담회를 갖고 혁신조달정책을 홍보했다  경남 부산에 이어 세 번째로 진행됐고 전북도  ,1
368, 코로나 로 지친 의료진들을 위한 공연,1, 일 오후 서울 중랑구 서울의료원에서 열린  서울의료원 잠시멈춤 콘서트 에서 신종  코로나 바이러스 감염증 코로나  환자 진료를 위해 수고해 온 의료진들이 가수 폴 킴의 공연을 보고 있다   뉴스 ,1
369,거리두고 앉아 폴킴 공연보는 의료진들,0, 일 오후 서울 중랑구 서울의료원에서 열린  서울의료원 잠시멈춤 콘서트 에서 신종  코로나 바이러스 감염증 코로나  환자 진료를 위해 수고해 온 의료진들이 가수 폴 킴의 공연을 보고 있다   뉴스 ,1
370, 코로나  의료진 환자분들 힘내세요 ,1, 일 오후 서울 중랑구 서울의료원에서 열린  서울의료원 잠시멈춤 콘서트 에서 신종  코로나 바이러스 감염증 코로나  환자 진료를 위해 수고해 온 의료진들이 가수 폴 킴의 공연을 보고 있다   뉴스 ,1
371, 코로나 로 지친 의료진  공연보고 힘내세요 ,1, 일 오후 서울 중랑구 서울의료원에서 열린  서울의료원 잠시멈춤 콘서트 에서 신종  코로나 바이러스 감염증 코로나  환자 진료를 위해 수고해 온 의료진들이 가수 폴 킴의 공연을 보고 있다   뉴스 ,1
372,무관중으로 열린  롯데 칸타타 여자오픈 ,1, 일 제주 서귀포 롯데 스카이힐 제주 에서 열린  제 회 롯데 칸타타 여자오픈 이 신종  코로나 바이러스 감염증 코로나  확산 방지를 위해 무관중 경기로 진행되고 있다  사진은 이날  번홀 그린 전경   ,1
373,한국환경공단   코로나  의료폐기물 처리 대응방안 세계에 알린다,0,실무자들이  코로나 와 관련한 한국의 의료폐기물 관리와 대응에 관한 경험과 지식을 공유한다  이번 세미나는 유엔개발계획측의 요청으로 마련되었으며   더 나은 환경 재건   코로나  대응 한국 및 기타국가의  ,1
374,보성군  코로나  대응 의료진에  덕분에 배지  격려,0, 김철우 보성군수는 일 보건소를 방문해 코로나  감염증 대응에 헌신하고 있는 의료진에게   덕분에 배지 는 중앙재난안전대책본부에서 감사와 자부심의 의미의 수어 동작을 활용해 코로나  대응에  ,1
375,고심 깊어진 현대 기아차  지난달 미국 판매량  또  감소,1, 코로나  여파   월부터 판매량 하락세 지속 팰리세이드 셀토스 등 신차효과 선방 오창영기자   스카이데일리 신종  코로나 바이러스 감염증 코로나  사태가 장기화되는 가운데 지난달 현대  ,1
376,광주 북구  제 회 추경 역대 최대 규모  억원 편성,0,북구는 코로나 의 장기화에 따른 생계지원과 위축된 민생경제 활성화를 위해 제 회  특히  코로나 로 극심한 어려움을 겪고 있는 중소기업 소상공인 예술관광업계 지원을 위해 중소기업 특례보증  ,1
377,중부발전  소규모 태양광사업자   판매대금  지급,0, 보령 중부발전 본사 한국중부발전 사장 박형구 은  코로나  장기화와 신재생 공급인증서  박형구 중부발전 사장은  코로나 로 모두가 어려운 시국을 함께 극복할 수 있는 조치를 적극 발굴해 나감으로써  ,1
378, 올리브영   올영세일  온라인몰 누적 방문자  만 달성,0,신종  코로나 바이러스 감염증 코로나  사태 속  언택트 비대면  소비 트렌드로 온라인 구매 수요가 몰리면서  세일 첫날 온라인몰 순방문자수 는 론칭 이래 최대인  만을 기록했다  세일 기간 동안 누적 방문자는  ,1
379, 소프트웨어 교육 받고   구글 본사도 가고 ,0,이 과정을 이수한 학생들은  년  월 월 중  주 동안 미국 구글  애플 등 인공지능 분야 첨단기업을 방문 할 수 있는  실리콘 밸리 연수 프로그램 의 기회가 주어진다  다만  코로나  사태 추이에 따라 변동이 있을 수 있다 ,1
380,나주경찰  이륜차 배달박스에 다국어 스티커 부착,0,최근  코로나  전염병 확산에 따라 이륜차 배달주문량이 폭증하면서 신속한 배달 서비스를 위해 이륜차량의  이에 따라 나주경찰서는 자체 제작한 교통안전 및  코로나  예방  다국어 스티커  배포로 이륜차 교통사고  ,1
381,통영시립도서관  결혼이주여성 한글학교 개강,0,통영시 시설관리사업소장은 코로나 로 어려운 상황에서도 한국어 교육에 열정을 보여주는 수강생 분들께 감사하다 시립도서관은 생활 속 거리두기 지침을 준수하고 방역물품을 비치하는 등 개인위생에  ,1
382,가락시장 수산동 노후 전기시설 개선  서울농수산식품   유통인 불편 해소 ,1,강동수산 주  중도매인조합 진갑양 조합장은  요즘  코로나 로 인한 영업 부진에도 불구하고 공사의 이러한 조치로 인하여 중도매인들에게 큰 힘이 됐다 며  어려운 여건에도 불구하고 작업시간을 쪼개가며  ,1
383,  상반기 대졸 신입사원 및 경력직 공채,0, 코로나 로 인해 전반적인 고용시장이 침체된 분위기인 가운데  는 지난해 이어 올해도 사회 고용 창출을    채용관계자는  는 한국을 대표하는 책임감 있는 브랜드로서  코로나 로 침체된 채용 분위기  ,1
384,삼삼물산 주  통영시에 이웃사랑 행복펀드 성금  만원 기탁,0,강석주 통영시장은 코로나 로 인해 기업들이 많이 힘드신데도 불구하고 관내 소외계층을 위하여 기부에 동참해 주셔서 감사하다 며 앞으로도 소외된 이웃이 없는 따뜻한 사회를 만들 수 있도록 더  ,1
385,신동빈 롯데칠성음료 스마트팩토리 찾아   포스트  코로나  대응사례 ,0,포스트  코로나 시대에 대비한 롯데그룹 디지털 전환의 대표적 사례로 꼽았다   일 롯데칠성음료에 따르면 신 회장은  일 경기도 안성 롯데칠성음료 스마트팩토리를 찾아  코로나  영향으로 디지털 전환이 더욱 빨라지고  ,1
386, 코로나 로 지친 의료진 달래는 폴킴의 공연,1, 일 오후 서울 중랑구 서울의료원에서 열린  서울의료원 잠시멈춤 콘서트 에서 신종  코로나 바이러스 감염증 코로나  환자 진료를 위해 수고해 온 의료진들이 가수 폴 킴의 공연을 보고 있다   뉴스 ,1
387, 코로나  이후 죽집 덮밥집 등  인 상차림  큰 주목,1, 코로나   가 가져온 변화 중 하나가 식사문화의 변화다  유통업계 전문가들에 따르면 소비자들이 깨끗한  한편   코로나   를 계기로 밥이나 반찬을 여러 명이 같이 떠먹거나 집어먹는 현상은 점차 줄어들고  인 상차림  ,1
388, 양주옥정신도시 대성베르힐  순위 내 청약마감  다시 증명된 양주 부동산시 ,1, 양주옥정신도시 대성베르힐 은  코로나  감염 예방 및 확산을 방지하기 위해 견본주택 방문을 사전 예약제로 운영하며  사전예약은 홈페이지를 통해 가능하다   양주옥정신도시 대성베르힐 의 견본주택은 경기도  ,1
389,남양주시수어통역센터  농아인의 날 기념해 인식개선 캠페인 활동 펼쳐,0,이번 캠페인은  코로나  관계로 소수인원이 참석해 청각장애인에 이해를 돕는 판넬을 진열했다  이에 따라 농아인협회는 지속적으로 청각장애인의 행복한 삶을 위한 자원봉사활동  평생교육프로그램 통한 사회 참여와  ,1
390,한국농어촌공사 전남지역본부   덕분에 챌린지  동참   의료진 여러분 힘내 ,1, 일  코로나 바이러스 예방과 대응을 위해 노력하고 있는 의료진에게 감사와 존경의 마음을 전하는  덕분에 챌린지  캠페인에 참여했다   덕분에 챌린지 캠페인은 보건복지부가  코로나  예방을 위해 고생하고 있는 의료진을  ,1
391,전기차 뜨자 배터리 수요 급증 화학 날개,1, 코로나  사태에도 전기차 판매가 급증하면서  화학의 수혜가 예상된다   화학은 글로벌 배터리 시장  향후  코로나  사태 이후 수요는 더욱 늘어날 전망이다  미래에셋대우증권에 따르면 세계 전기차용 배터리  ,1
392,유권자에게 하고픈 말이  젊을 때 열심히 살아야 한다 ,1,  참여사회   이번 좌담은  코로나  감염 예방 수칙 준수를 위해 마스크를 벗는 대신 서로 안전한 거리를  본격적인 이야기에 앞서  요즘  코로나  상황에 일상은 어떻게 보내고 계신가요  학교 수업도 거의 못 하고 있죠  ,1
393,무주산골영화제 오늘 일  온라인 개막  아쉽지만 위로 응원 메시지 ,1,제 회 무주산골영화제는  코로나  여파로 인한 관객과 무주 군민들의 안전을 도모하면서도 영화제를  또순이랑 우주랑 에 대해  주체적으로 자신의 삶을 개척하는 여주인공  또순이 라는 캐릭터가  코로나  시대에  ,1
394,케이무크에   등   강좌 신규개설 포스트  코로나  시대   교육은 온라인 ,1, 코로나 로 원격수업이 활성화되면서 수강신청 수가 지난해 대비   늘어날 만큼 주목받고 있다   단계  올해는  코로나  상황을 반영해 서울대  고려대 등에서 신종바이러스 이해  건강보건 증진  전염병 대응  ,1
395,대외경제연구원   경제  빠르게 회복할 듯 경제 외적 리스크 발생 가능성 ,1,대외경제정책연구원 은 보고서를 통해 중국의 경기부양책이 고용과 민생안정에 집중돼  코로나 의 충격에서 빠르게 회복할 것이라고 예상했습니다  다만   코로나 가 중국이나 전 세계적으로 다시 대유행할 경우  ,1
396,바다 위 떠돌던 크루즈선   일 부산항 입항  한국인 승무원  명 하선,0,신종  코로나 바이러스 감염증 코로나  사태로 세계 각국에서 크루즈 기항이 금지된 이후 갈 곳이 없어져 바다 위를 떠도는  스펙트럼오브더시즈호 가 부산항에 입항한다 부산항만공사는 로열 캐리비언 사의  만  ,1
397,박봄 소감  대종상 참석 영광  볼살 질문받자 ,1,또한  코로나  여파로 많이 힘든 시기지만 혼신의 힘을 다 하고 있는 의료진분들 덕분에 너무 감사하고 또 감사하다 며  힘든 시기인 만큼 우리 모두 함께 잘 이겨냈으면 좋겠다 는 응원을 보냈다 ,1
398,중기부  스타트업 이슈 담은  카드뉴스  대국민 서비스 본격 시작,0,이번 서비스 공개로  코로나  이후 급변하고 있는 국내외 핵심 이슈와 트렌드가 궁금한 스타트업이나 일반  트렌드 와  포스트  코로나  시대 국내외 스타트업 정책  등 다양한 주제를 기획해 선보일 계획이다  중기부  ,1
399,보건연구원 분리는 바이오헬스 산업 육성 위한 정책적 판단 ,0, 월  일 세계 보건의 날을 맞아 질병관리본부 중앙방역대책본부 상황실에서  코로나 로 인한 사망 환자와 희생자를 추모하는 묵념이 시행되고 있다  특히  복지부는 미국 또한               ,1
400,광주 광산구  노후 주방시설 개선사업 최대  만원 지원,0,오는 일까지 광산구청 식품위생과로 우편 방문 접수하면 된다  광산구 관계자는 이번 사업으로 음식점 위생 상태 개선과 함께   코로나 로 어려움을 겪는 소상공인의 부담을 덜어주겠다 고 말했다 ,1
401,한국메세나협회 한성자동차   드림드림   년만에 비대면 미술 수업,1,머니투데이 더리더 최정면 한국메세나협회 회장 김영호 와 독일 메르세데스 벤츠 국내 수입 판매사인 한성자동차 대표 울프 아우스프룽 는 미술 영재 장학사업  드림그림 을 신종  코로나 바이러스 감염증 코로나 로  ,1
402,롯데몰 김포   코로나  우려 덜한 야외서 각종 행사 연다,0,롯데자산개발은 롯데몰 김포공항이 이달  코로나  확산 방지를 위해 내부 공간이 아닌 야외 광장에서 다양한 행사를 개최한다고  일 밝혔다  롯데몰 김포공항은  코로나 로 인해 실내보다 야외 공간을 선호하는  ,1
403,대한한돈협회 음성지부  한돈고기  천  기탁,0,윤석환 지부장은  코로나 로 어려움을 겪고 있는 군민들에게 조금이나마 도움이 되길 바라는 회원들의 뜻을 모아 기부에 동참하게 됐다 며   코로나 로 인해 이웃을 위한 나눔의 손길이 예년에 비해 많이 줄어든 것으로  ,1
404,평택시 안중읍 행정복지센터 힘내세요 사장님 소상공인 응원 캠페인 참여,1,이날 안중읍장과 주민참예예산 지역협의회는  찾아가는 읍면동 주민참여예산학교  교육 참석 후  코로나 로 어려움을 겪고 있는 소상공인에게 작은 힘을 보태기 위해 행정복지센터 근처 상가 지역을 찾아 점심 식사를  ,1
405, 안전한 어촌체험휴양마을  만들기에 앞장선다,0,특히 공단과 해수부는  코로나  이후 체험객 감소로 어려움을 겪고 있는 마을의 보험료 부담을 경감하고  최명용 공단 이사장은  이번 지원 사업이  코로나 로 어려운 시기를 보내고 있는 어촌체험휴양마을 운영진에게  ,1
406,충남농협  국민과 함께하는 농촌봉사활동 실시,1,농가는  코로나 의 영향으로 외국인 근로자의 입국이 지연되면서 인력수급에 어려움을 겪고 있으며  농가의  특히 일손돕기 참여자들은 마스크 착용과   건강거리 유지등  코로나  예방수칙을 준수하며 농가를  ,1
407,박기영 공연취소   코로나  재확산 우려에 결국 ,0,대중음악 뮤지션들의 콘서트가  코로나 의 재확산 우려에 따라 잇따라 취소되고 있는 가운데 박기영의 공연도 결국 취소됐다  박기영 소속사 문라이트 퍼플플레이는  일 오는  월 예정했던 공연을 결국 취소한다고  ,1
408,가평군 자라섬  포스트  코로나  시대 관광 명소로 부상,0, 가평군 제공 포스트  코로나  시대에 관광명소로 가평이 부상하고 있다 일 가평군에 따르면 최근 가평군 자라섬이 올해 한국관광공사가 선정하는  야간경관  선 에 뽑혔다 앞서 경기도는  코로나  시대에 안전관광을  ,1
409,양평군  청년활동가 양성교육   양평 상상포레스트 교육생 모집,0, 코로나  확산으로 집합교육이 어려운 경우에는 어플리케이션을 통한 온라인 휴대전화 또는   교육으로 대체 또는 병행 할 예정이다  모집 대상은 청년 정책 및 활동에 관심 있고  새로운 사람들과 함께 재밌는 일을  ,1
410,송가인 선행도 퀸  명불허전 보이스에 마음씨도 짱,1,송가인은 신종  코로나  바이러스 감염증 코로나  극복을 위해 희망브리지 전국재해구호협회에 기부금을 전달했다   일 송가인의 소속사 포켓돌스튜디오에 따르면 송가인은 최근 희망브리지 전국재해구호협회에  ,1
411,양평군  수산자원조성을 위한 남 북한강 참게 방류,0,김남성 어촌계장은  코로나 로 인해 어려움을 겪고 있는 어업인들을 위해 우수한 참게치어를 관내 남북한강에 방류함으로써 어업인들의 생계유지 및 자본형성에 큰 도움이 될 것 같다  며 감사인사를 전했다  권순식  ,1
412,수원 광명서  명 더 끝나지 않은 쿠팡 물류센터 확진,0,경기도 부천 쿠팡 물류창고와 관련한 신종  코로나 바이러스 감염증 코로나  확진자가 잇따르고 있다  최근엔 경기도 수원동부교회를 거쳐  차 감염 으로 번지는 모양새다   일 경기도 광명시 수원시에 따르면 이날  ,1
413,전북 농특산물   번가 우선 입점,0,이번 업무협약은  코로나  영향으로 온라인 쇼핑 농축산물의 거래액이 전년 대비 두 배 가까이 증가하는 등  송하진 전라북도지사는  포스트  코로나  시대를 맞아 개인 방역과 건강에 대한 관심이 부쩍 높아지면서  ,1
414,동탄농협 고향주부모임  송산면에서 일손돕기,0,경기 화성시 동탄농업협동조합 고향주부모임 고향을 생각하는 주부들의 모임  회원  명은  코로나 로 인해 일손부족을 겪고 있는 농가의 일손을 돕기 위해 화성시 송산면 용포리 마을을 방문  포도순 따기 등의  ,1
415, 레전드 타임머신    박쥐 군단 의 영원한 보안관  다비드 알벨다,1, 코로나 바이러스로 세계의 축구 시계가 멈춰 섰다   베스트 일레븐 이 축구가 고픈 이들을 위해 새로운 연재물을 준비했다  해외 클럽을 대표하는 최고의 레전드들을 소개하는 기획  이름 하여  레전드 타임머신  ,1
416,양산시   마스크 생산  업종전환 기업 적극 지원,0,경남 양산시는 신종  코로나 바이러스 감염증 코로나  사태에 따른 전 세계  방역산업의 우수성을 바탕으로 마스크 제조산업으로의 업종전환 지원에 적극적으로 나서고 있다고  일 밝혔다  시는 최근  코로나 로 자동차와  ,1
417, 인터뷰 디지털 문맹  지금 해결못하면 격차 커져 ,0, 코로나  확산으로 우리 주변 일상의 모습이 크게 변하고 있다  대표적으로 매일 수차례 반복하는  포스트  코로나  시대를 맞아 선제적으로 대비할 필요성이 높아지고 있다 고 지적했다  현재 시민들은  체험형 디지털  ,1
418,성남시   코로나  고위험시설 집합제한 조치 별도 해제시까지,0,성남시는  월  일  시부터 별도 해제 시까지 유흥 단란주점  콜라텍  실내집단운동시설 등 집단감염에 취약한  개 고위험시설에 대해  운영제한  조치에 들어갔다  밀폐공간에 이용자 밀집도가 높은 유흥주점  곳  ,1
419,포스트  코로나  비대면 클라우드 협업 플랫폼   정식 오픈,0,포스트  코로나  시대에 걸맞은 이러한 언택트  비대면  방식의 구현은 타인과의 접촉을 피하면서도 도면과 문서관리를 혁신적으로 처리할 수 있는 플랫폼으로 주목할 만하다  이와 함께 관계자는  의  ,1
420,군포시청 관악구 리치웨이 시흥대로  관련 확진자 동선 군포로 번길,0,보건소  코로나  검사 월  일 양성 판정   경기도의료원 파주병원 이송  군포시보건소  구급차량  한편  서울 관악구 다단계 판매업체 리치웨이에서 직원과 판매원 등  명이  코로나  확진 판정을 받았다  리치웨이  ,1
421,입시설명회도  드라이브 스루 종로학원   일 대입설명회,0,고등학교 등교가 시작되고 한국교육과정평가원 주관 대학수학능력시험 모의평가가 이달 중순 치러질 예정이어서 그간 신종  코로나 바이러스 감염증 코로나  확산 때문에 미뤄온 설명회를 자동차에서 듣는 방식으로  ,1
422,울릉군 신청사 입지선정위 개최 군민 중심 신청사 건립 첫 걸음,0, 코로나 로 인한 집합행사와 모임 자제 등 사회적 거리두기를 강력하게 추진하고 있는 어려운 상황 속에서  사안이다 며  코로나  등으로 다소 지연됐지만 입지선정위와 긴밀한 협조체계로 군민 중심의 새로운 청사  ,1
423,입시설명회도  드라이브 스루 종로학원   일 대입설명회,0,고등학교 등교가 시작되고 한국교육과정평가원 주관 대학수학능력시험 모의평가가 이달 중순 치러질 예정이어서 그간 신종  코로나 바이러스 감염증 코로나  확산 때문에 미뤄온 설명회를 자동차에서 듣는 방식으로  ,1
424,수원시 장안구 주민자치위원장협의회  연무동 주택가  코로나  방역,0,있는  코로나 로 인해 지난  일 연무동행정복지센터에서 개최하려던 정례회의 대신 연무동 주택가 일원에 대한 방역활동으로 회의를 대체했다   월 방역물품 기부를 시작으로  코로나 가 발병한 이후 각종 방역활동 지원  ,1
425, 경기 공정복지 추진단  본격 활동 부정수급 등 복지 부정행위 집중점검,0,추진단은  코로나  영향으로 현장점검에 앞서 서면자료 확보 및 현장 민원에 주안점을 두고 운영했으나  이달부터는 공익제보핫라인 등 다양한 방법을 통해 도민 누구나 제보할 수 있도록 홍보를 강화해 위법 사례를  ,1
426, 유페이  지역 아동 청소년 위한 교통카드 전달,0,또한  년  월에는 교통카드 장기미사용 충전 선수금  억원을 대구 사회복지공동모금회에 지정 기탁해 시민복지기금을 지원했으며  올해  월에는 신종  코로나 로 어려움을 겪는 대구 택시운송사업조합 소속  ,1
427,충남도   마스크 공장  유치 성공 하루  만 장 생산,0,양승조 지사는  코로나 로 인해 지금도 마스크 수급이 원활하지는 않지만  톱텍에서 본격적으로 마스크 생산이 시작되면 충남도의 마스크 수급이 안정화되고  공적마스크 외에 충남도 자체 비축물량  만 장 확보가  ,1
428,링크플로우 버넥트  비대면 원격 협업 솔루션 구축 위한   체결,0,링크플로우 김용국 대표는  최근 신종  코로나  바이러스 감염증 코로나 의 영향으로 다양한 산업 현장에서 원격 커뮤니케이션에 대한 필요성이 높아지고 있다  버넥트와의 협업을 통해 산업 현장의 업무 효율을  ,1
429,포스트  코로나  비대면 클라우드 협업 플랫폼   정식 오픈,0,포스트  코로나  시대에 걸맞은 이러한 언택트  비대면  방식의 구현은 타인과의 접촉을 피하면서도 도면과 문서관리를 혁신적으로 처리할 수 있는 플랫폼으로 주목할 만하다  이와 함께 관계자는  의  ,1
430,비만 생활습관 개선으로 안된다면  수술적 치료 로,0,비만   대전선병원 제공외과 황시은 전문의   대전선병원 최근 신종 코로나 바이러스감염증 로 일상적 활동의 제약으로 갑자기 체중이 증가한 사람을  확찐자 라 부른다는 우스갯소리를 들은 적이 있다 내용만 보면  ,1
431,의왕시  요양보호사 양성과정 교육생 모집,0,홍석일 일자리과장은  이번 교육이  코로나 와 생애전환기로 취업에 어려움을 겪고 있는 중장년세대가 요양보호사로 새롭게 출발할 수 있는 디딤돌 역할을 해 줄 수 있을 것으로 기대한다 며   시에서는 교육생들이  ,1
432,  폭력 시위에 시험대 오른 아마존 물류 실험,0,아마존 플렉스는  코로나  확산 사태로 크게 도약하는 모습을 보였다  전염병이 창궐하자 식료품 배달 수요가 늘었고  대도시의 많은 운전자가 식료품 배달에 종사하기 시작했기 때문이다  아마존 측은 높은 임금과  ,1
433,  요미우리 신문  도쿄 올림픽 축소 개최 검토 ,0,연기된  올림픽을 축소 개최하는 방안에 대한 검토에 나섰다 요미우리 신문은 일  내년 여름까지  코로나  아베 신조 일본 총리는 그동안  년 연기를 통해  도쿄올림픽을  코로나 를 극복한 인류의 제전으로  ,1
434, 취재노트   년 전에도 약속한 학원법 개정  이번엔 믿을 수 있을까 ,1,  교육부는 지난  일  코로나  방역수칙을 어긴 학원을 처벌할 수 있는 규정이 없다며 학원법을 개정하겠다고   코로나  문제로 학원법 개정을 언급한 교육부  하지만 이미  년 전 메르스 사태 당시 이 문제점을 스스로  ,1
435, 사회공헌도 생활속 거리두기 홈쇼핑  소셜 임팩트 프로젝트  창업 특강  ,0,특히 올해는 신종  코로나 바이러스 감염증으로 인한  생활속 거리두기 를 준수하고자  사회혁신 창업에 성공한 대표들의 이야기를 듣고 소통하는 특히  창업특강  프로그램을 온라인으로 전환해 진행하고 있다  특히  ,1
436, 대구은행  대구사랑상품권  대구행복페이  운영대행 개시,0,대구시 소비촉진을 통한 지역경제 활성화 도모를 위하여 발행되는  대구행복페이 는 최근  코로나 로 침체한 경기회복을 촉진에 일조할 것으로 기대를 모으고 있다  만 세 이상이면 대구 시민이 아니라도 누구나  ,1
437,군포시청 관악구 리치웨이 시흥대로  관련 확진자 동선 군포로 번길,0,보건소  코로나  검사 월  일 양성 판정   경기도의료원 파주병원 이송  군포시보건소  구급차량  한편  서울 관악구 다단계 판매업체 리치웨이에서 직원과 판매원 등  명이  코로나  확진 판정을 받았다  리치웨이  ,1
438, 맛남의 광장  백종원  청경채 무침 레시피  김희철  이 자체가 예술이다 ,0,청경채 농가의 농민은  예전에 마라탕 붐이 일면서 청경채 인기가 많았다   하지만 지금은  코로나  때문에 이렇게 됐다 라며  에  원을 받았던 청경채가  원으로 하락했다 고 밝혀 깜짝 놀라게 했다  백종원은  ,1
439,한글과컴퓨터그룹 상사  글로벌 시장 공략위한 협약 체결,0,이날 양사는  차산업혁명 및 포스트 코로나  시대에 필요한 언택트 솔루션과 사물인터넷  인공지능 등  김상철 한컴그룹 회장은  코로나 를 겪으면서 정부부처  지자체  기업  학생 등 다양한 레퍼런스와 사용자들을  ,1
440,서울 확진자  명 추가 감염경로  개 이상,0,오늘 일  오전  시 기준 서울 지역  코로나  확진자는 어제 새벽  시보다  명 늘어 총  명입니다  서울시는 추가 확진자들의 감염경로는  개 이상으로  수도권 개척교회 관련이  명  관악구 건강용품회사 관련이  명  ,1
441,노인복지주택이 호텔로 둔갑   경기 공정복지 추진단  뜬다,0,추진단은  코로나  영향으로 현장점검에 앞서 서면 자료 확보 및 현장 민원에 주안점을 두고 운영했으나  이달부터는 공익제보핫라인 등 다양한 방법을 통해 도민 누구나 제보할 수 있도록 홍보를 강화해 위법 사례를  ,1
442,수원시   코로나  관련 기부금 도움 절실한 이웃 위해 사용,1,경기 수원시가 시민 단체 기관 기업 등이  코로나 로 어려움을 겪는 이웃에게 전해달라 며 기부한   사진 수원시      지난  일  시 현재  코로나  관련 기부액 재난기본소득 기부 제외 은  ,1
443,전자신문 지식재산권실무회 논리적 변호사  법률 플랫폼 사업 협력,1, 코로나 로 인해 당분간 비대면 중심 행사로 진행한다   개 기관은   변호사의  온라인 강의    전문가의  토크  등 유익하고 재미있는 법률 콘텐츠도 제공한다  법률 플랫폼 논리적변호사와 유튜브 채널  법률   ,1
444,진도군  윤재갑 국회의원 초청 정책 간담회 개최,1,이동진 진도군수는  코로나 로 침체된 지역경제 활성화  지역현안 해결을 위한 정부예산 확보  주민 숙원  특히   코로나 로 인한 내년 가용예산 감소에 대비  국비 확보가 시급한 사업에 대한 정당  국회 차원의  ,1
445,경기도 누적 확진자  명 넘어 일만에  명 ,1,경기도는  일  시 기준  코로나  누적 확진자가  명으로  전날보다  명 증가했다고 밝혔다   일 하루 확진자 중  명은 지역사회 감염이고   명은 해외 유입 사례다   일 들어서도 곳곳에서 산발적 감염이 이어져  ,1
446,서울시  자영업자 생존자금  신청  만명 천여 명 오늘 지원,1,서울시가  코로나  여파로 어려움을 겪는 소상인들을 위한  자영업자 생존자금 을 오늘 일  처음으로 지급합니다  서울시는 접수 순서에 따라  차 지급대상  천여 명이 선정됐고 이 중  인 자영업자가  라고  ,1
447,안산서  대 여성 추가 확진 서울 구로구 확진자 접촉,0,경기도 안산시는 단원구에 사는  대 여성이  코로나  확진 판정을 받았다고 밝혔습니다  이 여성은 서울  이 여성은 해당 홍보관의 직원이었습니다  이로써 안산 관내  코로나  확진자는 모두  명으로 늘었습니다 ,1
448,삼성    중저가형 라인업 강화로 해외시장 점유율 굳히기,1,또한 신종  코로나 바이러스 감염증 코로나  확산으로 인해 인도 시장이 봉쇄되며 침체가 예상되자 신제품을 출시해 대응한 것이란 평가도 이어지고 있다  실제로 삼성전자는 지난  년 인도 노이다 공장에  ,1
449,부산항만공사  물류목적 크루즈선  스펙트럼오브더시즈호   일 부산항 입항,0,밝혔다 코로나  사태 발생 이후 크루즈선의 부산항 입항은 지난  월  퀀텀오브더시즈호  이후  개월  이를 위해 부산항만공사는 정부와 협의를 통해 특별 검역과  코로나  검사   일간 지정된 시설에서 추가  ,1
450,영동군 공무원들  농촌 일손돕기 본격 추진,0, 중부매일 윤여군 기자 영동군 공무원들이 농촌일손돕기를 본격 추진하며  코로나 로 지친 농촌의 시름을  나채정 기획감사관은  코로나 로 인해 더욱 가중되고 있는 지역 농민들의 어려움을 살피고 지역사회와  ,1
451, 지자체의   하남시   코로나   학교방역 안전지킴이   명 배치,0,따른  코로나  확산 방지를 위해 지난  일 시청 대회의실에서 광주하남교육지원청과 함께  학교방역 안전지킴이   명의 사전 교육을 실시하고 유치원 및 학교에 배치했다   하남시청   지난  일  코로나  학교방역  ,1
452,정읍시   코로나  극복 청년 긴급 지원사업 추진,1,전북 정읍시는 신종  코로나 바이러스 감염증 코로나 으로 경제적 어려움을 겪고 있는 청년들을 위해  청년 긴급 지원사업 을 추진한다고  일 밝혔다  시는 사업비  억원을 투입해 청년실직자  명에게 생활안정을  ,1
453,셀트리온  유럽학회서 램시마  우수성 입증 제형에 따른 면역원성 차이 없 ,0, 는  월  일부터  일까지 독일 프랑크푸르트에서 열릴 예정이었으나  코로나 로 인해 온라인으로  특히 셀트리온헬스케어는  코로나 로 인해 병원 방문이 어려운 환자들이 집에서 직접 투여가 가능한  ,1
454,매일유업  영동 레인보우 행복나눔에  코로나  후원품 기탁,0,김선희 대표는  코로나 를 막기 위해 많은 공직자분들과 지역 사회단체 회원들이  코로나  예방과 방역활동에 적극 나서 주셔서 확진자 없이 군민들이 안심하고 생활하고 있다 며  건강하게 지내시고 조금 더 힘을  ,1
455,수원  대 남성 확진 서울 구로구 확진자와 접촉 추정,0,경기도 수원시는 권선구에 사는  대 남성이  코로나  확진판정을 받았다고 밝혔습니다  이 남성은 지난달  추정하고  자세한 감염경로를 조사하고 있습니다  이로써 수원시 관내  코로나  확진자는 모두  명이 됐습니다 ,1
456,옥천보건소  제 기 모유 수유 클리닉 운영 개시,0,준비했으며   코로나  생활속 거리두기 생활수칙에 따라  이상 거리두기  참가자 체온측정  자주 환기하기 등을 지키며  명만 참가 신청을 받아 운영하고 있으며  추후  코로나 추이에 따라 참가자를 늘려나갈 계획이다  ,1
457,포스코갤러리  제  회 포항미술협회 정기전 개최,0,이번 정기전을 통해  코로나  사태로 지쳐있는 마음을 위로할 편안하고 감성적인 작품들을 감상할 수 있다  권종민 포항미술협회장은  코로나 로 어려운 상황에도 소중한 작품을 출품해주신 회원 분들께 감사드린다  ,1
458,한국전쟁  주년 허창수  한미동맹 힘입어 자유시장경제 수호 ,1, 일 전경련에 따르면 허창수 회장은 미국 의회에 감사서한을 송부해  먼저  코로나 로 매우 힘든 시간을 보내고 있을 미국 국민에게 위로의 말씀을 전한다 며  한국전쟁이 일어난 지  년인 지금 지난 시간 동안  ,1
459, 감염병 전하는 해충 쫓는 기피제  디펜스벅스  챙기세요 ,1,신종  코로나 바이러스 감염증 코로나  확산 여파로 최근 등산과 캠핑과 같이 비대면 야외활동으로 여가를 즐기는 사람이 늘고 있다  그러나 야외에서 접촉하기 쉬운 진드기를 매개로 확산되는 감염병도 있어 주의가  ,1
460,화면으로 박원순 만난  총 균 쇠  저자  세계가 한국  코로나  대응 배워야 ,1,한국의  코로나  대응  모델을 배워야 한다 고 강조했다  전 세계 도시들이 동시에 겪는 새로운 감염병인 만큼 한국처럼 위기를 극복한 사례를 적용해 피해를 최소화해야 한다는 취지다   일  코로나  극복과 대응을 위한  ,1
461,김부겸  대권 대신 당권 택하나 년 완주 카드  꺼낼 듯,0,원외 신분인 김 전 의원으로서는  코로나  국난극복에 앞장서는 여당 대표로 활동하는 기회를 차차기 대선에 도전하기 위한 발판으로 삼을 수 있다  현재 민주당 전당대회는 이 의원  김 전 의원과 함께 홍영표 의원과  ,1
462, 롯데칸타타 여자오픈  무관중 개최 선수 간 악수도 자제,0, 일 제주 서귀포 롯데 스카이힐 제주 에서 열린  제 회 롯데 칸타타 여자오픈 이 신종  코로나 바이러스 감염증 코로나  확산 방지를 위해 무관중 경기로 진행되고 있다  사진은 이날  번홀 그린 전경   ,1
463,소진공 임직원  전통시장 소비 활성화 나섰다,0,인해  코로나 로 큰 타격을 입었던 전통시장에 서서히 활기가 돌고 있다  이 활기가 계속 이어질 수 있도록 지속적인 관심이 필요하다 고 말했다  이에 대해 조 이사장은  전국의 전통시장이  코로나 로 매우 힘든 시기를  ,1
464,진안군  일부터 재난기본소득지원금  인당  만원 지급,0,전북 진안군은 신종  코로나 바이러스 감염증 코로나 으로 어려움을 겪고 있는 군민들을 위해  일부터  인당  만원씩 재난기본소득지원금을 지급한다고  일 밝혔다  전춘성 군수를 비롯한 전 공직자가 집중 지급기간인  ,1
465,화천군  음압 구급차량 구입  특수장비  탑재,1,강원 화천군 보건의료원이 신속한  코로나  대응을 위해 음압 구급차량을 구입했다  화천군은  코로나  확진자 발생 시 신속히 이송할 수 있는 음압 구급차량을 구입해 업무에 배치했다고  일 밝혔다  구급차 구입 예산은  ,1
466,청  카타르  선  척 수주  문 대통령 경제외교의 결실 ,1,윤재관 청와대 부대변인 연합뉴스 윤 부대변인은  정상회담을 통해 양국간 협력을 에너지 외에 의료    등으로 확장했고  최근 카타르에  코로나  관련 진단장비 공급과  방역 경험 공유 등 양국 간 협력의 범위를  ,1
467,   주 금빛   코로나  진단기기 사업 본격화  국내 및 아시아 시장 공략나서,1,   주 금빛 이 이스라엘 벤구리온 대학     교수 측과  코로나  즉석 진단기기 사업에 대한 업무협약 를 이스라엘 현지시간  일 체결하며 나노칩 기술을 적용한  코로나  진단키트의 국내 및 아시아  ,1
468,포스코 포항제철소  원가절감 켐페인 실시,0,포스코 포항제철소 소장 남수희 가  코로나  위기를 극복하기 위해 전직원이 참여하는 원가절감 캠페인을 펼쳐 낭비를 줄이고 생산 효율성을 높이는데 주력하고 있다  포항제철소는 위기상황에 대한 임직원의 공감대를  ,1
469,주티켓  신용카드현금화 및 소액결제현금화 시 주의사항 반드시 숙지해야,1, 코로나 로 인해 전 세계적으로 경제사정이 하락세를 면치 못하고 있다  특히 급하게 현금이 필요한 경우 선물로도 자주 주고받는 모바일상품권을 이용하는 경우가 많은데  사용처와 금액이 정해져 있기 때문에 자유롭게  ,1
470,포스트  코로나  시대 불교 명상 이 뜬다,0,특히  코로나  사태 속에서 불교의 가르침을 기반으로 하는 명상 수행이 대중과 만나는 지점을 넓혀 나갈  이를 직접 선보인 선일스님은 지금의  코로나  사태를 극복할  치유의 약 으로 두 가지 명상 수행법을  ,1
471,원주시 캠프롱 개방행사     추진   일간 공연  기획전시  포럼 등 ,1,원 시장은  다만 아직  코로나 가 종식되지 않아 다소 걱정이 된다 며  그러함에도 이번 기회를 놓치면 토양오염 정화사업 등으로 출입에 어려움이 예상돼  월 행사로 추진하게 되었다 고 말했다  이어  시민의 건강이  ,1
472,여주시의회 박시선 의원  체류형 관광도시 로드맵과 전략수립 촉구,0,이항진 여주시장은  깨끗한 자연환경과 더불어  코로나  청정지역으로서 시 이미지 상승으로 여주를 찾는 방문객이 증가하고 있다  신륵사관광지  금은모래유원지  금은모래 강변공원 등 관광지를 중심으로 마스터 플랜이  ,1
473,중부발전  소규모 태양광사업자   판매대금  선 지급 ,0,한국중부발전 본사 전경 한국중부발전 사장 박형구 은  코로나  장기화로 인해 경제적 어려움을 겪고 있는  중부발전 박형구 사장은  코로나 로 모두가 어려운 시국을 함께 극복할 수 있는 조치를 적극 발굴해  ,1
474,치과의사  명 모이는 행사 앞두고 치협 회장  행사 취소해달라 ,1,이상훈 회장은  코로나  신규 확진자가 수도권에서 발생했고 정부는 수도권 한정  사회적 거리두기 에  앞장서서  코로나  종식에 적극 협조해야 한다 면서  지금이라도 국민들이 지탄하고 많은 치과의사들이  ,1
